case,ops,baseline_makespan,makespan,speedup,added_copy_bytes,spill_added_copy_bytes,scheduled_copy_bytes,cross_task_traffic,cores_used,winner,candidates,evaluations,local_improved,seconds,error
case_001,1001,233110,47502,4.9073723211654245,4608,0,1644160,0,5,warm_start,4,9,0,17.02,
case_002,2197,261945,54529,4.80377413853179,27648,0,1251840,13824,5,warm_start,17,23,0,63.2,
case_003,13670,602212,175439,3.4326005050188386,3822872,0,5107136,1141120,5,cone|rank,20,23,0,596.69,
case_004,1002,392357,82967,4.7290730049296705,878592,405504,1671168,12288,5,local_move:5->1,16,23,2,32.31,
case_005,4209,95618,42434,2.253334590187114,1260600,0,1594014,434304,5,cone_wide|rank,20,23,0,125.97,
case_006,851,82837,28721,2.8841962327217017,697870,126976,1241218,188422,5,wide_leaf|rank,23,23,0,21.3,
case_007,4998,1012562,203834,4.967581463347626,110592,0,1843200,0,5,warm_start,10,15,0,167.7,
case_008,1404,487605,100603,4.846823653370178,0,0,2654424,0,5,warm_start,9,14,0,36.79,
case_009,6058,153261,72319,2.1192356088994595,656304,0,1151636,158872,5,cone|rank,22,23,0,200.52,
case_010,796,86969,26779,3.2476567459576535,291328,20480,675478,13888,5,chain_wide|rank,23,23,0,20.87,
case_011,880,184697,38076,4.850745876667717,1587200,0,2193408,172032,5,column|rank,16,27,0,31.63,
case_012,1304,59088,13161,4.489628447686346,42048,0,596946,0,5,warm_blocks|rank,22,23,0,33.85,
case_013,3202,263949,54002,4.887763416169771,45056,0,2572288,6144,5,warm_blocks|leaf,12,23,0,92.71,
case_014,38666,17698626,3629150,4.876796495047049,100424376,68186976,110357116,0,5,warm_blocks|pressure,23,27,0,3303.54,
case_015,1290,177362,50218,3.5318411724879524,419872,131092,1304486,24582,5,warm_start,21,29,0,39.23,
case_016,18008,7715523,2398045,3.2174221084258217,12184,0,405402,6092,5,column|rank,11,16,0,982.12,
case_017,1758,162810,33257,4.895510719547764,340224,0,984086,9216,5,local_move:3474->0,23,28,2,58.9,
case_018,3285,1004367,203088,4.945476837627038,4030464,0,5623312,0,5,warm_blocks|pressure,23,23,0,116.47,
case_019,766,81144,16321,4.971754181729061,143892,0,330876,59530,5,local_move:640->1,23,32,1,25.99,
case_020,7584,532746,108942,4.890180095830809,0,0,2359296,0,5,warm_start,20,29,0,417.63,
case_021,4450,6567937,1257016,5.225022593188949,11505664,2011136,14843904,36864,5,warm_start,9,15,0,167.12,
case_022,1567,56780,11803,4.810641362365501,10752,0,224438,1536,5,warm_start,23,29,0,56.77,
case_023,1202,122614,22710,5.399119330691326,354720,0,798164,0,5,warm_blocks|rank,22,25,0,37.97,
case_024,5972,2555343,797461,3.2043485512144168,4024,0,397242,2012,5,column|rank,14,19,0,222.27,
case_025,23997,4863026,975282,4.986276789687495,110592,0,8328192,0,5,warm_start,16,21,0,1825.27,
case_026,769,99203,42002,2.3618637207752013,125328,0,654182,3584,4,warm_blocks|leaf,22,42,0,37.37,
case_027,1800,2363952,450801,5.243892537949117,5445632,0,7485440,1118208,5,local_move:361->2,15,27,1,65.49,
case_028,19944,43836040,8179302,5.359386412190185,27075072,18112512,32983680,184320,5,column_weighted_fine|rank,20,23,0,1007.24,
case_029,1113,37555,9685,3.8776458440887973,8196,0,438360,2050,5,warm_start,23,29,0,30.28,
case_030,11248,2808034,559528,5.018576371513133,9042944,1674240,11437004,0,5,warm_blocks|pressure,19,29,0,731.11,
case_031,6805,1414369,290918,4.861744546573261,5278720,523776,7463760,57344,5,warm_start,23,28,0,312.1,
case_032,1035,41443,10292,4.026719782355228,12368,0,305456,4,5,warm_start,23,29,0,30.22,
case_033,4069,1774196,361886,4.902637847277872,5996544,628224,8969454,61440,5,warm_start,22,23,0,166.86,
case_034,4545,842996,178615,4.719626011253254,3533824,0,5814210,2048,5,warm_start,23,29,0,206.82,
case_035,4237,169571,81367,2.0840266938685215,807768,73728,1218622,266920,4,wave|rank,21,23,0,127.97,
case_036,4001,931510,187182,4.976493466252097,4608,0,6559360,0,5,warm_start,4,9,0,80.84,
case_037,980,210001,43013,4.882268151489085,1310720,0,1925120,0,5,warm_start,9,14,0,23.96,
case_038,6843,1364555,277165,4.923258708711417,7909888,24576,10712838,2048,5,warm_blocks|pressure,23,23,0,325.2,
case_039,5966,1435262,327297,4.385197542293391,8065024,3706880,12554240,0,5,warm_start,12,17,0,245.82,
case_040,3381,253454,103829,2.441071376975604,12292,0,923530,2,4,warm_blocks|none,23,30,0,137.17,
case_041,18149,6003957,1235445,4.859752558794605,32454656,17369088,37404636,40960,5,warm_start,22,28,0,1366.92,
case_042,5345,1686740,343135,4.915674588718725,7291456,196608,9680420,8192,5,warm_blocks|pressure,23,23,0,221.14,
case_043,9756,677656,210842,3.2140465372174423,4323264,0,5754386,907288,5,cone|rank,23,23,0,382.69,
case_044,1436,154407,44234,3.490685897725731,930400,0,1905856,0,2,cone|rank,11,22,0,46.81,
case_045,1787,125614,27166,4.623941691820658,0,0,557056,0,5,warm_start,19,29,0,77.15,
case_046,1058,276455,78133,3.5382616820037627,2516352,0,3577824,100352,5,wide_leaf|rank,10,15,0,32.93,
case_047,13988,326508,139257,2.3446433572459555,1756376,0,2220318,655872,5,cone_wide|rank,19,23,0,654.09,
case_048,1900,222220,109480,2.0297771282426016,548364,0,963154,209600,3,cone|rank,21,23,0,61.46,
case_049,4465,196276,63046,3.113218919519081,667032,0,819572,301696,5,cone|rank,23,23,0,139.6,
case_050,4781,149690,54826,2.7302739576113524,705868,34368,1025244,201912,5,cone|rank,22,23,0,153.04,
case_051,1429,607628,193319,3.143136473910997,944,0,394162,472,5,column|rank,14,19,0,40.61,
case_052,1347,180301,35076,5.140295358649789,552608,0,1362812,76,5,cone|rank,23,23,0,47.95,
case_053,12046,1472686,348585,4.224754364071891,8104504,0,11099792,1076400,5,cone|rank,23,23,0,519.75,
case_054,16133,815051,238147,3.4224701549883054,2565528,0,4171804,936512,5,cone|rank,23,23,0,762.13,
case_055,1468,118835,26524,4.480282008746795,161792,49152,787602,4608,5,warm_blocks|rank,23,27,0,49.32,
case_056,7936,277285,96478,2.8740749186343,1030456,0,1252056,443728,5,cone|rank,21,23,0,287.89,
case_057,1053,59726,16185,3.690206981773247,32324,0,374784,2,5,warm_blocks|leaf,22,23,0,33.64,
case_058,17886,4539717,932839,4.866560038763388,30937088,21745664,38604800,0,5,warm_blocks|leaf,8,13,0,892.67,
case_059,3168,829473,150971,5.494253863324745,3829760,0,5173248,0,5,warm_blocks|pressure,16,21,0,118.47,
case_060,6086,888789,189434,4.691813507606871,3718696,553128,5817702,33792,5,warm_start,22,29,0,304.87,
case_061,1450,77191,20239,3.813973022382529,153604,0,697792,66178,5,local_move:2427->1,21,27,2,45.21,
case_062,23999,2854809,573181,4.980641368084427,70656,0,13472256,35328,5,warm_start,18,26,0,1609.59,
case_063,8995,1070397,216793,4.9374149534348435,55296,0,5076480,27648,5,warm_start,18,29,0,442.49,
case_064,972,19116,12363,1.5462266440184422,68332,0,105746,27744,3,cone|rank,19,23,0,26.47,
case_065,914,53068,11562,4.589863345441965,55584,0,371786,0,5,components|rank,23,23,0,29.53,
case_066,6181,359070,102613,3.499264225780359,2376816,0,3483850,762432,5,cone|rank,22,23,0,227.39,
case_067,8996,63834834,12621657,5.057563678049562,17327616,2441216,23375744,0,5,cone|rank,10,15,0,308.85,
case_068,5853,362095,167955,2.1559048554672384,3207898,566920,5979148,503040,4,cone_wide|rank,21,23,0,206.17,
case_069,1074,25144,11832,2.1250845165652468,365880,0,491934,121728,5,cone_wide|rank,20,23,0,38.87,
case_070,1437,117300,25614,4.579526821269618,463872,0,883836,12288,5,warm_blocks|rank,23,27,0,50.99,
case_071,781,18919,8721,2.1693613117761723,285872,0,407318,109136,5,local_move:97->4,20,35,4,33.32,
case_072,31387,23897828,4778275,5.001350487362071,161090208,132778656,172193392,24576,5,warm_blocks|pressure,23,25,0,1893.26,
case_073,4964,10081626,1774110,5.6826386188004125,15078912,0,19120000,96256,5,chain_wide|rank,10,15,0,152.9,
case_074,4269,1682239,335262,5.017684676461991,8114432,978944,11891160,8320,5,warm_start,22,29,0,179.45,
case_075,7684,1441809,398955,3.6139639809001016,3952408,0,5789598,1170560,5,column|rank,17,22,0,263.84,
case_076,35076,6185113,1241721,4.981081096317127,24922112,8624128,29192786,0,5,warm_start,21,29,0,2220.13,
case_077,4872,495320,121041,4.092167116927322,172032,0,2313392,0,5,warm_start,22,23,0,166.34,
case_078,1094,2296143,519709,4.418132070062285,8778240,0,11123328,92160,5,column|rank,21,23,0,29.42,
case_079,20130,31052251,6063371,5.121285007960093,133251072,110002176,142602240,0,5,warm_blocks|pressure,18,23,0,1284.34,
case_080,1395,292138,79608,3.6697065621545573,2244608,212992,4222976,0,5,local_move:462->4,19,24,1,51.23,
case_081,4505,151795,30943,4.905632937982743,0,0,1741140,0,5,warm_start,16,21,0,133.26,
case_082,4209,721041,200302,3.599769348284091,2135704,0,2727710,731328,5,column_weighted|rank,20,23,0,123.53,
case_083,3956,1057993,186796,5.6638953724919165,3721600,0,5159904,0,5,cone|rank,10,15,0,98.32,
case_084,14001,2507412,503472,4.98024120507198,0,0,13236330,0,5,warm_start,9,14,0,414.08,
case_085,19993,3187899,878701,3.627967875306845,8365598,45062,10055332,3144192,5,cone|rank,19,23,0,887.17,
case_086,5372,118403,50484,2.345356944774582,1191474,0,1529496,408960,4,cone|rank,21,23,0,161.46,
case_087,28666,3974071,885851,4.486161894043129,8921088,1939968,14840186,0,5,warm_start,23,23,0,1209.0,
case_088,3577,243623,126614,1.9241395106386339,2964876,0,4794674,1025472,4,column_leaf|rank,23,23,0,98.49,
case_089,5254,693092,123062,5.632055386715639,954880,0,1521280,0,5,continuous_leaf|rank,11,16,0,131.67,
case_090,1744,1178363,258608,4.556560508568954,8663040,0,10891392,34560,5,column_fine|rank,19,23,0,44.51,
case_091,33497,9186769,1919288,4.786550533322774,55304832,37703808,61882488,36864,5,warm_start,20,29,0,1933.47,
case_092,17942,4815554,810203,5.943638816444768,3950976,229376,7207904,0,5,cone|rank,10,15,0,630.6,
case_093,901,74205,15876,4.674036281179139,32768,0,747520,0,5,warm_blocks|leaf,12,17,0,17.28,
case_094,791,94892,19579,4.8466213800500535,381792,0,908484,4096,5,local_move:615->0,23,26,1,23.99,
case_095,6006,2084853,420852,4.953886401870491,0,0,11355036,0,5,warm_start,9,14,0,162.26,
case_096,1362,84194,26915,3.128144157532974,56320,0,275878,512,4,warm_blocks|none,23,30,0,58.67,
case_097,7488,11491509,2099506,5.473434703211137,16519168,757760,21565440,0,5,warm_blocks|pressure,16,21,0,310.34,
case_098,1553,177430,83336,2.12909186906019,2077136,1581312,2775130,28776,5,chain_wide|rank,20,23,0,42.76,
case_099,7054,1622999,326714,4.96764448416658,6808580,259072,9342616,2,5,warm_blocks|pressure,22,27,0,301.33,
case_100,1654,151223,60049,2.5183266998617797,170496,0,625094,0,5,warm_blocks|leaf,22,29,0,50.74,
