case,graph_class,rule,baseline_makespan,problem1_makespan,speedup,baseline_added_copy_bytes,problem1_added_copy_bytes,problem1_spill_added_copy_bytes,num_blocks,evaluated_candidates,rejected_candidates,selection,error
case_001,wide_shallow,continuous,233110,47502,4.9073723211654245,0,4608,0,5,5,0,best_official_candidate_with_single_fallback,
case_002,high_spill_risk,single,261945,261945,1.0,0,0,0,1,2,0,best_official_candidate_with_single_fallback,
case_003,high_spill_risk,components,602212,539607,1.1160196216876357,0,786432,0,10,2,0,best_official_candidate_with_single_fallback,
case_004,wide_shallow,components,392357,247003,1.5884705853775056,0,12165120,0,111,5,0,best_official_candidate_with_single_fallback,
case_005,mixed,single,95618,95618,1.0,0,0,0,1,2,0,best_official_candidate_with_single_fallback,
case_006,wide_shallow,components,82837,31348,2.6424971290034454,16400,91264,0,27,5,0,best_official_candidate_with_single_fallback,
case_007,wide_shallow,continuous,1012562,203834,4.967581463347626,0,110592,0,5,5,0,best_official_candidate_with_single_fallback,
case_008,high_spill_risk,components,487605,134736,3.618965977912362,0,0,0,108,2,0,best_official_candidate_with_single_fallback,
case_009,mixed,components,153261,92225,1.6618162103551097,0,172032,0,25,2,0,best_official_candidate_with_single_fallback,
case_010,mixed,components,86969,29770,2.9213637890493787,0,362880,0,36,2,0,best_official_candidate_with_single_fallback,
case_011,wide_shallow,components,184697,49484,3.7324589766389136,0,1622016,0,16,5,0,best_official_candidate_with_single_fallback,
case_012,wide_shallow,components,59088,19307,3.060444398404724,0,101376,0,50,5,0,best_official_candidate_with_single_fallback,
case_013,high_spill_risk,components,263949,102984,2.563009787928222,0,2007040,0,246,2,0,best_official_candidate_with_single_fallback,
case_015,high_spill_risk,components,177362,50107,3.5396651166503683,180256,901632,0,46,2,0,best_official_candidate_with_single_fallback,
case_016,deep_narrow,single,7715523,7715523,1.0,0,0,0,1,1,0,best_official_candidate_with_single_fallback,
case_017,wide_shallow,components,162810,41966,3.8795691750464663,22528,588672,0,60,5,0,best_official_candidate_with_single_fallback,
case_018,high_spill_risk,components,1004367,220293,4.559232476746878,1970176,10104576,0,126,2,0,best_official_candidate_with_single_fallback,
case_019,mixed,components,81144,24134,3.362227562774509,0,256128,0,31,2,0,best_official_candidate_with_single_fallback,
case_020,high_spill_risk,components,532746,134535,3.959906344074033,0,0,0,288,2,0,best_official_candidate_with_single_fallback,
case_021,high_spill_risk,components,6567937,1283116,5.11873984893026,4501504,18124800,0,80,2,0,best_official_candidate_with_single_fallback,
case_022,wide_shallow,components,56780,13373,4.245868541090257,0,27648,0,32,5,0,best_official_candidate_with_single_fallback,
case_023,wide_shallow,components,122614,29274,4.188494910159186,0,429024,0,43,5,0,best_official_candidate_with_single_fallback,
case_024,deep_narrow,single,2555343,2555343,1.0,0,0,0,1,1,0,best_official_candidate_with_single_fallback,
