case,improved,current_makespan,new_makespan,new_speedup,rule,added_copy_bytes,num_blocks,evaluated_candidates,error
case_047,True,326508,320115,1.0199709479405838,hybrid_id_orig_2,256504,16,12,
case_016,False,7701686,7702051,1.001749144481126,hybrid_bytes_orig_6,393240,7,12,
case_069,True,25008,21040,1.1950570342205322,hybrid_id_load_desc_5,257106,9,12,
case_024,False,2541506,2545994,1.003672043217698,hybrid_id_id_9,393240,7,12,
case_051,False,593791,598279,1.0156264886449298,hybrid_id_id_9,393240,7,12,
case_064,False,18095,18380,1.0400435255712732,hybrid_id_orig_2,53536,10,12,
case_071,True,17366,16183,1.1690663041463263,hybrid_id_orig_4,228786,10,12,
case_003,False,539607,599166,1.005083733055614,hybrid_id_id_3,1201490,21,12,
case_082,False,622801,702965,1.0257139402388455,hybrid_id_id_3,1861636,37,12,
case_044,True,132892,131105,1.1777354029213225,hybrid_bytes_load_desc_2,4672992,2,12,
case_048,False,175324,221138,1.004892872324069,hybrid_id_id_3,206376,11,12,
case_085,False,2514429,3167070,1.006576741278216,hybrid_id_orig_3,2781832,35,12,
case_005,False,74097,80548,1.1870934101405373,hybrid_id_orig_3,1031540,31,12,
case_086,False,91165,118403,1.0,hybrid_bytes_orig_1,0,1,12,
case_075,False,1073002,1392123,1.0356908118032673,hybrid_id_orig_10,4359748,82,12,
case_066,True,249724,242906,1.4782261450931635,hybrid_id_id_7,1319868,48,12,
case_056,False,191133,243889,1.1369311449060844,hybrid_id_orig_9,1275636,88,12,
case_068,False,248861,353441,1.024484991837393,hybrid_id_orig_3,884986,17,12,
case_088,False,161354,247590,0.9839775435195283,hybrid_id_orig_5,1385308,25,12,
case_009,True,92225,89919,1.7044339905915324,hybrid_id_orig_5,316344,32,12,
