case,base_makespan,candidate_makespan,candidate_speedup,improved,rule,added_copy_bytes,num_blocks,candidate_count,rejected_count,error
case_003,539607,545338,1.1042912835709229,False,paper_cpop_root_contiguous_weighted,2097468,31,6,0,
case_005,74097,117920,0.810871777476255,False,paper_cpop_root_load,902796,32,6,0,
case_006,31348,41303,2.0055928140813015,False,paper_cpop_root_contiguous_weighted,526794,32,6,0,
case_009,89919,134979,1.1354432911786279,False,paper_cpop_root_roundrobin_weighted,933846,31,6,0,
case_010,29770,61210,1.4208299297500409,False,paper_cpop_root_roundrobin_weighted,1482100,32,7,0,
case_011,49484,166228,1.1111064321293644,False,paper_cpop_root_load,2936832,32,6,0,
case_012,19307,45706,1.2927843171574849,False,paper_cpop_root_roundrobin_weighted,764354,31,6,0,
case_016,7701686,7701677,1.001797790273469,True,paper_cpop_root_contiguous_weighted,393304,16,6,0,
case_019,24134,31830,2.549293119698398,False,paper_cpop_root_contiguous_weighted,562196,32,6,0,
case_024,2541506,2541497,1.0054479702317178,True,paper_cpop_root_contiguous_weighted,393304,16,6,0,
case_026,42758,62299,1.5923690588934012,False,paper_cpop_root_contiguous_weighted,1277732,31,6,0,
case_029,11787,21755,1.7262698230291886,False,paper_cpop_root_load,357442,31,6,0,
case_032,13084,34099,1.2153728848353325,False,paper_cpop_root_roundrobin_weighted,379200,32,6,0,
case_035,95460,139719,1.2136574123777009,False,paper_cpop_root_contiguous_weighted,399064,31,6,0,
case_040,110337,185566,1.3658428807001282,False,paper_cpop_root_contiguous_weighted,1532444,32,6,0,
case_043,269230,655564,1.0336992269252125,False,paper_cpop_root_contiguous_weighted,3364098,31,6,0,
case_044,131105,127941,1.2068609749806551,True,paper_cpop_root_contiguous_weighted,5776864,32,4,0,
case_046,131039,141229,1.95749456556373,False,paper_cpop_root_contiguous_weighted,5407840,32,4,0,
case_047,320115,340785,0.9581055504203531,False,paper_heft_up_root_load,639836,32,6,0,
case_048,175324,238154,0.933093712471762,False,paper_heft_up_root_load,239650,31,6,0,
case_049,117701,210056,0.9343984461286514,False,paper_cpop_root_load,913750,31,6,0,
case_050,82168,146134,1.0243338305938385,False,paper_cpop_root_contiguous_weighted,1117298,32,6,0,
case_051,593791,604920,1.0044766250082655,False,paper_cpop_root_contiguous_weighted,1179736,22,6,0,
case_052,51333,122818,1.4680340015307203,False,paper_cpop_root_roundrobin_weighted,2276394,31,6,0,
case_053,492699,798746,1.843747574322751,False,paper_cpop_root_contiguous_weighted,6070958,32,6,0,
case_054,455620,640376,1.2727694354566692,False,paper_cpop_root_roundrobin_weighted,5768728,32,6,0,
case_056,191133,314707,0.8810893942619643,False,paper_cpop_root_roundrobin_weighted,2305776,32,6,0,
case_057,17205,36228,1.6486143314563322,False,paper_cpop_root_roundrobin_weighted,638564,32,6,0,
case_061,24673,58727,1.314403936860388,False,paper_cpop_root_roundrobin_weighted,1001364,31,6,0,
case_064,18095,28089,0.6805511054149311,False,paper_heft_up_root_load,117162,32,6,0,
case_065,14836,42205,1.2573865655727994,False,paper_cpop_root_roundrobin_weighted,566564,32,6,0,
case_066,242906,253443,1.4167682674210769,False,paper_cpop_root_contiguous_weighted,1061458,31,6,0,
case_068,248861,319728,1.1325095080818697,False,paper_cpop_root_contiguous_weighted,1047274,31,6,0,
case_069,21040,37077,0.6781562693853332,False,paper_heft_up_root_roundrobin_weighted,981278,32,6,0,
case_070,37044,84367,1.3903540483838468,False,paper_cpop_root_roundrobin_weighted,1686920,31,6,0,
case_071,16183,33554,0.5638373964355964,False,paper_heft_up_root_contiguous_weighted,715882,31,6,0,
case_073,3517515,3063665,3.290707698132792,True,paper_cpop_root_contiguous_weighted,123260672,32,6,0,
case_075,1073002,1443574,0.9987773401294288,False,paper_heft_up_root_load,1437846,31,6,0,
case_077,132816,229424,2.1589720343120162,False,paper_cpop_root_contiguous_weighted,4272828,31,6,0,
case_078,620100,1302109,1.7634030637988063,False,paper_cpop_root_contiguous_weighted,13103736,32,4,0,
case_080,119170,198419,1.4723287588386194,False,paper_heft_up_root_contiguous_weighted,9646080,18,6,0,
case_082,622801,706019,1.021277047784833,False,paper_heft_up_root_roundrobin_weighted,2409780,32,6,0,
case_083,442480,405880,2.6066645313885877,True,paper_cpop_root_contiguous_weighted,14545664,32,6,0,
case_085,2514429,3176265,1.0036627926196335,False,paper_heft_up_root_load,3402938,32,6,0,
case_086,91165,135921,0.871116310209607,False,paper_heft_up_root_roundrobin_weighted,2011328,32,6,0,
case_088,161354,219019,1.1123372858062544,False,paper_cpop_root_load,1352692,32,6,0,
case_090,522053,707430,1.6656955458490592,False,paper_cpop_root_contiguous_weighted,17893416,31,4,0,
case_092,1714518,1747593,2.755535184679728,False,paper_cpop_root_contiguous_weighted,61208480,32,6,0,
case_094,33565,65147,1.4565828050409075,False,paper_cpop_root_roundrobin_weighted,2110756,32,6,0,
case_096,26958,63576,1.324304769095256,False,paper_cpop_root_load,1351704,32,6,0,
case_098,89963,143906,1.2329576251163954,False,paper_cpop_root_roundrobin_weighted,1593598,32,6,0,
case_100,57791,89412,1.6913054176173221,False,paper_cpop_root_contiguous_weighted,1345744,32,6,0,
