case,num_cores,winner,baseline_makespan,incumbent_makespan,best_chain_rule,best_chain_makespan,best_chain_added_copy_bytes,problem1_makespan,speedup,added_copy_bytes,num_blocks,evaluated_candidates,rejected_candidates,incumbent_plan,error,paper_guided_rule,paper_guided_base_makespan,paper_guided_candidate_makespan,paper_guided_improved
case_001,5,incumbent,233110,47502,chain_bytes_root_contiguous,47502,4608,47502,4.9073723211654245,4608,5,10,0,day5_results\paper_guided_v6_plans\case_001.json,,,,,0
case_002,5,chain_bytes_root_contiguous,261945,259045,chain_bytes_root_contiguous,56191,61440,56191,4.661689594419035,61440,19,10,0,day5_results\paper_guided_v6_plans\case_002.json,,,,,0
case_003,5,incumbent,602212,539607,chain_bytes_root_contiguous,560411,4654110,539607,1.1160196216876357,786432,10,10,0,day5_results\paper_guided_v6_plans\case_003.json,,,,,0
case_004,5,chain_id_root_contiguous,392357,247003,chain_id_root_contiguous,90327,546816,90327,4.343739967008757,546816,7,10,0,day5_results\paper_guided_v6_plans\case_004.json,,,,,0
case_005,5,chain_id_root_contiguous_weighted,95618,95618,chain_id_root_contiguous_weighted,74097,1683818,74097,1.2904436077034158,1683818,84,10,0,day5_results\paper_guided_v6_plans\case_005.json,,,,,0
case_006,5,incumbent,82837,31348,chain_id_root_contiguous_weighted,31615,210616,31348,2.6424971290034454,91264,27,10,0,day5_results\paper_guided_v6_plans\case_006.json,,,,,0
case_007,5,incumbent,1012562,203834,chain_bytes_root_contiguous,203834,110592,203834,4.967581463347626,110592,5,10,0,day5_results\paper_guided_v6_plans\case_007.json,,,,,0
case_008,5,chain_bytes_root_contiguous,487605,134736,chain_bytes_root_contiguous,100603,0,100603,4.846823653370178,0,5,10,0,day5_results\paper_guided_v6_plans\case_008.json,,,,,0
case_009,5,hybrid_id_orig_5,153261,92225,hybrid_id_orig_5,89919,316344,89919,1.7044339905915324,316344,32,12,0,day5_results\paper_guided_v6_plans\case_009.json,,,,,0
case_010,5,incumbent,86969,29770,chain_bytes_root_contiguous_weighted,34054,150528,29770,2.9213637890493787,362880,36,10,0,day5_results\paper_guided_v6_plans\case_010.json,,,,,0
case_011,5,incumbent,184697,49484,chain_bytes_root_contiguous,189693,1275904,49484,3.7324589766389136,1622016,16,10,0,day5_results\paper_guided_v6_plans\case_011.json,,,,,0
case_012,5,incumbent,59088,19307,chain_id_root_contiguous_weighted,22022,182636,19307,3.060444398404724,101376,50,10,0,day5_results\paper_guided_v6_plans\case_012.json,,,,,0
case_013,5,chain_bytes_root_contiguous,263949,102984,chain_bytes_root_contiguous,55202,81920,55202,4.781511539436977,81920,13,10,0,day5_results\paper_guided_v6_plans\case_013.json,,,,,0
case_014,5,incumbent_screened_high_speedup,17698626,3868929,not_evaluated_existing_speedup_above_threshold,,,3868929,4.574554353414085,165905592,1340,0,0,day5_results\paper_guided_v6_plans\case_014.json,,,,,0
case_015,5,chain_id_root_contiguous_weighted,177362,50107,chain_id_root_contiguous_weighted,46571,858984,46571,3.8084215498915635,858984,18,6,0,day5_results\paper_guided_v6_plans\case_015.json,,,,,0
case_016,5,paper_cpop_root_contiguous_weighted,7715523,7715523,chain_bytes_root_contiguous,7701686,393260,7701677,1.001797790273469,393304,16,6,0,day5_results\paper_guided_v6_plans\case_016.json,,paper_cpop_root_contiguous_weighted,7701686,7701677,1
case_017,5,incumbent,162810,41966,chain_id_root_contiguous_weighted,63311,518882,41966,3.8795691750464663,588672,60,6,0,day5_results\paper_guided_v6_plans\case_017.json,,,,,0
case_018,5,incumbent_screened_high_speedup,1004367,220293,not_evaluated_existing_speedup_above_threshold,,,220293,4.559232476746878,10104576,126,0,0,day5_results\paper_guided_v6_plans\case_018.json,,,,,0
case_019,5,incumbent,81144,24134,chain_bytes_root_contiguous,27220,73728,24134,3.362227562774509,256128,31,6,0,day5_results\paper_guided_v6_plans\case_019.json,,,,,0
case_020,5,chain_bytes_root_contiguous_weighted,532746,134535,chain_bytes_root_contiguous_weighted,108942,0,108942,4.890180095830809,0,5,6,0,day5_results\paper_guided_v6_plans\case_020.json,,,,,0
case_021,5,incumbent_screened_high_speedup,6567937,1283116,not_evaluated_existing_speedup_above_threshold,,,1283116,5.11873984893026,18124800,80,0,0,day5_results\paper_guided_v6_plans\case_021.json,,,,,0
case_022,5,incumbent,56780,13373,chain_bytes_root_contiguous_weighted,21695,116666,13373,4.245868541090257,27648,32,6,0,day5_results\paper_guided_v6_plans\case_022.json,,,,,0
case_023,5,incumbent,122614,29274,chain_id_root_contiguous_weighted,53326,278696,29274,4.188494910159186,429024,43,6,0,day5_results\paper_guided_v6_plans\case_023.json,,,,,0
case_024,5,paper_cpop_root_contiguous_weighted,2555343,2555343,chain_bytes_root_contiguous,2541506,393260,2541497,1.0054479702317178,393304,16,6,0,day5_results\paper_guided_v6_plans\case_024.json,,paper_cpop_root_contiguous_weighted,2541506,2541497,1
case_025,5,chain_id_root_roundrobin_weighted,4863026,1757768,chain_id_root_roundrobin_weighted,983471,728064,983471,4.944757903385051,728064,32,5,0,day5_results\paper_guided_v6_plans\case_025.json,,,,,0
case_026,5,incumbent,99203,42758,chain_bytes_root_contiguous_weighted,43944,402472,42758,2.3201038402170355,217872,31,6,0,day5_results\paper_guided_v6_plans\case_026.json,,,,,0
case_027,5,incumbent,2363952,565244,chain_bytes_root_contiguous,2237045,3305472,565244,4.182179731231114,5529600,16,6,0,day5_results\paper_guided_v6_plans\case_027.json,,,,,0
case_028,5,incumbent,43836040,10194624,chain_bytes_root_contiguous,11491035,277818912,10194624,4.299917289740161,326568960,153,4,0,day5_results\paper_guided_v6_plans\case_028.json,,,,,0
case_029,5,incumbent,37555,11787,chain_bytes_root_contiguous_weighted,17275,41030,11787,3.1861372698735897,0,21,6,0,day5_results\paper_guided_v6_plans\case_029.json,,,,,0
case_030,5,incumbent_screened_high_speedup,2808034,616404,not_evaluated_existing_speedup_above_threshold,,,616404,4.555509049259901,26935296,486,0,0,day5_results\paper_guided_v6_plans\case_030.json,,,,,0
case_031,5,chain_bytes_root_contiguous_weighted,1414369,319697,chain_bytes_root_contiguous_weighted,291810,5856256,291810,4.846883245947706,5856256,33,6,0,day5_results\paper_guided_v6_plans\case_031.json,,,,,0
case_032,5,incumbent,41443,13084,chain_bytes_root_contiguous_weighted,21103,129140,13084,3.1674564353408745,55440,25,6,0,day5_results\paper_guided_v6_plans\case_032.json,,,,,0
case_033,5,chain_bytes_root_contiguous_weighted,1774196,400450,chain_bytes_root_contiguous_weighted,364699,6354432,364699,4.86482277165553,6354432,25,6,0,day5_results\paper_guided_v6_plans\case_033.json,,,,,0
case_034,5,incumbent,842996,207267,chain_bytes_root_contiguous,334238,2868760,207267,4.067198348024529,6690304,155,6,0,day5_results\paper_guided_v6_plans\case_034.json,,,,,0
case_035,5,incumbent,169571,95460,chain_bytes_root_contiguous,97573,282418,95460,1.7763565891472868,9216,16,6,0,day5_results\paper_guided_v6_plans\case_035.json,,,,,0
case_036,5,chain_bytes_root_contiguous,931510,352860,chain_bytes_root_contiguous,187182,4608,187182,4.976493466252097,4608,5,6,0,day5_results\paper_guided_v6_plans\case_036.json,,,,,0
case_037,5,incumbent_screened_high_speedup,210001,43013,not_evaluated_existing_speedup_above_threshold,,,43013,4.882268151489085,1310720,5,0,0,day5_results\paper_guided_v6_plans\case_037.json,,,,,0
case_038,5,incumbent,1364555,322765,chain_bytes_root_contiguous_weighted,546396,7474688,322765,4.227704366954286,15659520,130,6,0,day5_results\paper_guided_v6_plans\case_038.json,,,,,0
case_039,5,chain_bytes_root_contiguous,1435262,562938,chain_bytes_root_contiguous,327297,8065024,327297,4.385197542293391,8065024,5,6,0,day5_results\paper_guided_v6_plans\case_039.json,,,,,0
case_040,5,incumbent,253454,110337,chain_bytes_root_contiguous_weighted,123572,1241970,110337,2.2970898248094476,316416,28,6,0,day5_results\paper_guided_v6_plans\case_040.json,,,,,0
case_041,5,incumbent_screened_high_speedup,6003957,1252937,not_evaluated_existing_speedup_above_threshold,,,1252937,4.791906536402069,64760832,494,0,0,day5_results\paper_guided_v6_plans\case_041.json,,,,,0
case_042,5,incumbent,1686740,398134,chain_bytes_root_contiguous,1669195,8483840,398134,4.236613803392827,17044896,104,6,0,day5_results\paper_guided_v6_plans\case_042.json,,,,,0
case_043,5,incumbent,677656,269230,chain_bytes_root_contiguous,678242,1417224,269230,2.517015191471976,2257920,38,6,0,day5_results\paper_guided_v6_plans\case_043.json,,,,,0
case_044,5,paper_cpop_root_contiguous_weighted,154407,154407,hybrid_bytes_load_desc_2,131105,4672992,127941,1.2068609749806551,5776864,32,4,0,day5_results\paper_guided_v6_plans\case_044.json,,paper_cpop_root_contiguous_weighted,131105,127941,1
case_045,5,chain_bytes_root_contiguous_weighted,125614,35703,chain_bytes_root_contiguous_weighted,27166,0,27166,4.623941691820658,0,5,6,0,day5_results\paper_guided_v6_plans\case_045.json,,,,,0
case_046,5,chain_bytes_root_contiguous,276455,276455,chain_bytes_root_contiguous,131039,5013664,131039,2.10971542823129,5013664,5,6,0,day5_results\paper_guided_v6_plans\case_046.json,,,,,0
case_047,5,hybrid_id_orig_2,326508,326508,hybrid_id_orig_2,320115,256504,320115,1.0199709479405838,256504,16,12,0,day5_results\paper_guided_v6_plans\case_047.json,,,,,0
case_048,5,chain_id_root_roundrobin,222220,222220,chain_id_root_roundrobin,175324,1014360,175324,1.2674819191896147,1014360,127,6,0,day5_results\paper_guided_v6_plans\case_048.json,,,,,0
case_049,5,chain_id_root_roundrobin,196276,160260,chain_id_root_roundrobin,117701,1942754,117701,1.6675814139217169,1942754,165,6,0,day5_results\paper_guided_v6_plans\case_049.json,,,,,0
case_050,5,group_id_12_weighted_cyclic,149690,108160,group_id_12_weighted_cyclic,82168,1161460,82168,1.8217554279038068,1161460,142,64,0,day5_results\paper_guided_v6_plans\case_050.json,,,,,0
case_051,5,chain_bytes_root_contiguous,607628,607628,chain_bytes_root_contiguous,593791,393260,593791,1.0233028119321446,393260,11,6,0,day5_results\paper_guided_v6_plans\case_051.json,,,,,0
case_052,5,incumbent,180301,51333,chain_id_root_contiguous_weighted,72600,337920,51333,3.512379950519159,854016,52,6,0,day5_results\paper_guided_v6_plans\case_052.json,,,,,0
case_053,5,incumbent,1472686,492699,chain_bytes_root_contiguous_weighted,609656,11236622,492699,2.9890176355137723,11271680,39,4,0,day5_results\paper_guided_v6_plans\case_053.json,,,,,0
case_054,5,chain_id_root_roundrobin_weighted,815051,518133,chain_id_root_roundrobin_weighted,455620,4902028,455620,1.7888832799262544,4902028,303,6,0,day5_results\paper_guided_v6_plans\case_054.json,,,,,0
case_055,5,incumbent,118835,30887,chain_bytes_root_contiguous_weighted,37219,446646,30887,3.8474115323598923,247808,24,6,0,day5_results\paper_guided_v6_plans\case_055.json,,,,,0
case_056,5,group_id_32_weighted_cyclic,277285,265764,group_id_32_weighted_cyclic,191133,2804694,191133,1.4507437229573124,2804694,284,64,0,day5_results\paper_guided_v6_plans\case_056.json,,,,,0
case_057,5,incumbent,59726,17205,chain_id_root_contiguous,28234,430296,17205,3.471432723045626,70272,21,6,0,day5_results\paper_guided_v6_plans\case_057.json,,,,,0
case_058,5,chain_bytes_root_contiguous,4539717,1784441,chain_bytes_root_contiguous,948121,30142464,948121,4.788119870775987,30142464,5,4,0,day5_results\paper_guided_v6_plans\case_058.json,,,,,0
case_059,5,incumbent_screened_high_speedup,829473,163124,not_evaluated_existing_speedup_above_threshold,,,163124,5.084923125965523,7569408,64,0,0,day5_results\paper_guided_v6_plans\case_059.json,,,,,0
case_060,5,chain_bytes_root_contiguous_weighted,888789,203037,chain_bytes_root_contiguous_weighted,190762,4151852,190762,4.659151193633952,4151852,25,6,0,day5_results\paper_guided_v6_plans\case_060.json,,,,,0
case_061,5,incumbent,77191,24673,chain_bytes_root_contiguous_weighted,37099,203020,24673,3.128561585538848,278016,40,6,0,day5_results\paper_guided_v6_plans\case_061.json,,,,,0
case_062,5,chain_bytes_root_contiguous_weighted,2854809,2780149,chain_bytes_root_contiguous_weighted,578116,187392,578116,4.938124874592642,187392,47,4,0,day5_results\paper_guided_v6_plans\case_062.json,,,,,0
case_063,5,chain_bytes_root_contiguous,1070397,1045141,chain_bytes_root_contiguous,219468,141312,219468,4.877234949969927,141312,37,6,0,day5_results\paper_guided_v6_plans\case_063.json,,,,,0
case_064,5,chain_id_root_contiguous_weighted,19116,19116,chain_id_root_contiguous_weighted,18095,132688,18095,1.0564244266371925,132688,38,6,0,day5_results\paper_guided_v6_plans\case_064.json,,,,,0
case_065,5,incumbent,53068,14836,chain_bytes_root_contiguous,27373,174702,14836,3.576974925856026,111600,42,6,0,day5_results\paper_guided_v6_plans\case_065.json,,,,,0
case_066,5,hybrid_id_id_7,359070,249724,hybrid_id_id_7,242906,1319868,242906,1.4782261450931635,1319868,48,12,0,day5_results\paper_guided_v6_plans\case_066.json,,,,,0
case_067,5,chain_bytes_root_contiguous,63834834,15967384,chain_bytes_root_contiguous,15931687,262750080,15931687,4.006784341168641,262750080,5,6,0,day5_results\paper_guided_v6_plans\case_067.json,,,,,0
case_068,5,group_id_32_weighted_cyclic,362095,303479,group_id_32_weighted_cyclic,248861,4021384,248861,1.4550090211001323,4021384,337,64,0,day5_results\paper_guided_v6_plans\case_068.json,,,,,0
case_069,5,hybrid_id_load_desc_5,25144,25144,hybrid_id_load_desc_5,21040,257106,21040,1.1950570342205322,257106,9,12,0,day5_results\paper_guided_v6_plans\case_069.json,,,,,0
case_070,5,incumbent,117300,37044,chain_bytes_root_contiguous_weighted,51613,356384,37044,3.166504697116942,1005056,38,6,0,day5_results\paper_guided_v6_plans\case_070.json,,,,,0
case_071,5,hybrid_id_orig_4,18919,18919,hybrid_id_orig_4,16183,228786,16183,1.1690663041463263,228786,10,12,0,day5_results\paper_guided_v6_plans\case_071.json,,,,,0
case_072,5,incumbent_screened_high_speedup,23897828,4876282,not_evaluated_existing_speedup_above_threshold,,,4876282,4.900829771534952,175833776,476,0,0,day5_results\paper_guided_v6_plans\case_072.json,,,,,0
case_073,5,paper_cpop_root_contiguous_weighted,10081626,3539849,chain_bytes_root_contiguous,3517515,139772800,3063665,3.290707698132792,123260672,32,6,0,day5_results\paper_guided_v6_plans\case_073.json,,paper_cpop_root_contiguous_weighted,3517515,3063665,1
case_074,5,incumbent,1682239,373905,chain_bytes_root_contiguous_weighted,1642323,7987288,373905,4.499108062208315,14401536,73,6,0,day5_results\paper_guided_v6_plans\case_074.json,,,,,0
case_075,5,group_id_32_uniform_snake,1441809,1441809,group_id_32_uniform_snake,1073002,6861360,1073002,1.3437151095710913,6861360,275,62,0,day5_results\paper_guided_v6_plans\case_075.json,,,,,0
case_076,5,incumbent_screened_high_speedup,6185113,1343756,not_evaluated_existing_speedup_above_threshold,,,1343756,4.602854238418284,74277888,809,0,0,day5_results\paper_guided_v6_plans\case_076.json,,,,,0
case_077,5,incumbent,495320,132816,chain_id_root_contiguous,154802,229376,132816,3.729369955427057,1146880,41,6,0,day5_results\paper_guided_v6_plans\case_077.json,,,,,0
case_078,5,incumbent,2296143,620100,chain_bytes_root_contiguous,663941,13620024,620100,3.7028592162554426,15039360,8,6,0,day5_results\paper_guided_v6_plans\case_078.json,,,,,0
case_079,5,incumbent_screened_high_speedup,31052251,6063684,not_evaluated_existing_speedup_above_threshold,,,6063684,5.121020653450938,91508736,288,0,0,day5_results\paper_guided_v6_plans\case_079.json,,,,,0
case_080,5,incumbent,292138,119170,chain_id_root_contiguous,294680,2531328,119170,2.45143912058404,4952064,18,6,0,day5_results\paper_guided_v6_plans\case_080.json,,,,,0
case_081,5,chain_bytes_root_contiguous,151795,42111,chain_bytes_root_contiguous,30943,0,30943,4.905632937982743,0,5,6,0,day5_results\paper_guided_v6_plans\case_081.json,,,,,0
case_082,5,chain_id_root_load,721041,715556,chain_id_root_load,622801,4085388,622801,1.1577389888583993,4085388,148,6,0,day5_results\paper_guided_v6_plans\case_082.json,,,,,0
case_083,5,paper_cpop_root_contiguous_weighted,1057993,542671,chain_bytes_root_contiguous,442480,15058048,405880,2.6066645313885877,14545664,32,6,0,day5_results\paper_guided_v6_plans\case_083.json,,paper_cpop_root_contiguous_weighted,442480,405880,1
case_084,5,chain_bytes_root_contiguous,2507412,692360,chain_bytes_root_contiguous,503472,0,503472,4.98024120507198,0,5,4,0,day5_results\paper_guided_v6_plans\case_084.json,,,,,0
case_085,5,group_id_32_uniform_cyclic,3187899,3179494,group_id_32_uniform_cyclic,2514429,17973232,2514429,1.2678421224063197,17973232,532,64,0,day5_results\paper_guided_v6_plans\case_085.json,,,,,0
case_086,5,chain_id_root_contiguous_weighted,118403,118403,chain_id_root_contiguous_weighted,91165,2106724,91165,1.2987769429057203,2106724,97,6,0,day5_results\paper_guided_v6_plans\case_086.json,,,,,0
case_087,5,incumbent,3974071,891942,chain_bytes_root_contiguous_weighted,3580410,16728166,891942,4.455526256191546,25367040,196,4,0,day5_results\paper_guided_v6_plans\case_087.json,,,,,0
case_088,5,chain_id_root_roundrobin_weighted,243623,205176,chain_id_root_roundrobin_weighted,161354,2727852,161354,1.5098665047039428,2727852,197,6,0,day5_results\paper_guided_v6_plans\case_088.json,,,,,0
case_089,5,chain_bytes_root_contiguous,693092,210236,chain_bytes_root_contiguous,147432,954880,147432,4.701096098540344,954880,5,6,0,day5_results\paper_guided_v6_plans\case_089.json,,,,,0
case_090,5,incumbent,1178363,522053,chain_bytes_root_contiguous,542638,21724704,522053,2.2571712067548697,25781760,13,6,0,day5_results\paper_guided_v6_plans\case_090.json,,,,,0
case_091,5,incumbent_screened_high_speedup,9186769,2015394,not_evaluated_existing_speedup_above_threshold,,,2015394,4.558299270514847,111883264,513,0,0,day5_results\paper_guided_v6_plans\case_091.json,,,,,0
case_092,5,chain_bytes_root_contiguous,4815554,2438012,chain_bytes_root_contiguous,1714518,66980256,1714518,2.8086925888208816,66980256,5,4,0,day5_results\paper_guided_v6_plans\case_092.json,,,,,0
case_093,5,chain_bytes_root_contiguous,74205,28635,chain_bytes_root_contiguous,16941,81920,16941,4.380201877102887,81920,13,6,0,day5_results\paper_guided_v6_plans\case_093.json,,,,,0
case_094,5,incumbent,94892,33565,chain_id_root_contiguous,45375,267264,33565,2.82711157455683,688032,40,6,0,day5_results\paper_guided_v6_plans\case_094.json,,,,,0
case_095,5,chain_bytes_root_contiguous,2084853,571574,chain_bytes_root_contiguous,420852,0,420852,4.953886401870491,0,5,6,0,day5_results\paper_guided_v6_plans\case_095.json,,,,,0
case_096,5,incumbent,84194,26958,chain_id_root_contiguous_weighted,42672,217108,26958,3.1231545366866977,661824,50,6,0,day5_results\paper_guided_v6_plans\case_096.json,,,,,0
case_097,5,incumbent_screened_high_speedup,11491509,2123528,not_evaluated_existing_speedup_above_threshold,,,2123528,5.411517531202791,29818880,64,0,0,day5_results\paper_guided_v6_plans\case_097.json,,,,,0
case_098,5,incumbent,177430,89963,chain_bytes_root_contiguous_weighted,91580,212996,89963,1.9722552604959818,0,27,6,0,day5_results\paper_guided_v6_plans\case_098.json,,,,,0
case_099,5,incumbent,1622999,423856,chain_id_root_contiguous,610582,7274496,423856,3.829128288852818,21626880,202,6,0,day5_results\paper_guided_v6_plans\case_099.json,,,,,0
case_100,5,incumbent,151223,57791,chain_id_root_contiguous_weighted,60216,551034,57791,2.616722327005935,534528,43,6,0,day5_results\paper_guided_v6_plans\case_100.json,,,,,0
