case,v6_makespan,baseline,best_makespan,best_rule,improved,evaluated,rejected,error,candidates
case_001,47502,233110,88140,clpt_g,False,1,0,,"[{""rule"": ""clpt_g"", ""est"": 50560, ""makespan"": 88140}]"
case_002,56191,261945,61229,ck02_h,False,12,0,,"[{""rule"": ""ck02"", ""est"": 50100, ""makespan"": 72369}, {""rule"": ""ck02_h"", ""est"": 50404, ""makespan"": 61229}, {""rule"": ""clpt_g"", ""est"": 52000, ""makespan"": 191304}, {""rule"": ""ck01"", ""est"": 52084, ""makespan"": 146976}, {""rule"": ""ck01_h"", ""est"": 52184, ""makespan"": 145286}, {""rule"": ""ck04_h"", ""est"": 52544, ""makespan"": 67889}, {""rule"": ""ck04"", ""est"": 53400, ""makespan"": 71980}, {""rule"": ""clpt_g_h"", ""est"": 54500, ""makespan"": 197766}, {""rule"": ""ck07_h"", ""est"": 55904, ""makespan"": 79527}, {""rule"": ""ck07"", ""est"": 57100, ""makespan"": 83112}, {""rule"": ""cwhole"", ""est"": 58080, ""makespan"": 106202}, {""rule"": ""cwhole_h"", ""est"": 58892, ""makespan"": 103572}]"
case_003,539607,602212,539607,ccomp,False,5,0,,"[{""rule"": ""mk02_h"", ""est"": 333045, ""makespan"": 3535835}, {""rule"": ""cwhole_h"", ""est"": 353909, ""makespan"": 2418057}, {""rule"": ""clpt_g_h"", ""est"": 381888, ""makespan"": 541389}, {""rule"": ""ccomp"", ""est"": 383272, ""makespan"": 539607}, {""rule"": ""ccomp_h"", ""est"": 383272, ""makespan"": 539607}]"
case_004,90327,392357,247003,ccomp,False,5,0,,"[{""rule"": ""ccomp"", ""est"": 82202, ""makespan"": 247003}, {""rule"": ""clpt_g"", ""est"": 83244, ""makespan"": 384170}, {""rule"": ""clpt_g_h"", ""est"": 83244, ""makespan"": 720845}, {""rule"": ""cwhole_h"", ""est"": 100386, ""makespan"": 413090}, {""rule"": ""cwhole"", ""est"": 104012, ""makespan"": 572426}]"
case_005,74097,95618,97396,ck07_h,False,14,0,,"[{""rule"": ""clpt_g"", ""est"": 64692, ""makespan"": 98901}, {""rule"": ""clpt_g_h"", ""est"": 64692, ""makespan"": 97860}, {""rule"": ""ck07"", ""est"": 64841, ""makespan"": 97741}, {""rule"": ""ck07_h"", ""est"": 64841, ""makespan"": 97396}, {""rule"": ""ck04_h"", ""est"": 66680, ""makespan"": 98449}, {""rule"": ""ck02"", ""est"": 66805, ""makespan"": 98733}, {""rule"": ""ck02_h"", ""est"": 66805, ""makespan"": 99079}, {""rule"": ""ck04"", ""est"": 66825, ""makespan"": 99038}, {""rule"": ""ck01"", ""est"": 66852, ""makespan"": 98723}, {""rule"": ""ck01_h"", ""est"": 66852, ""makespan"": 98655}, {""rule"": ""mk02_h"", ""est"": 86160, ""makespan"": 1123917}, {""rule"": ""cwhole_h"", ""est"": 87209, ""makespan"": 658936}, {""rule"": ""mk02"", ""est"": 97294, ""makespan"": 1149092}, {""rule"": ""cwhole"", ""est"": 105904, ""makespan"": 887743}]"
case_006,31348,82837,28117,ck07_h,True,18,0,,"[{""rule"": ""ck07_h"", ""est"": 19680, ""makespan"": 28117}, {""rule"": ""ck07"", ""est"": 20020, ""makespan"": 32198}, {""rule"": ""ck01_h"", ""est"": 20247, ""makespan"": 83543}, {""rule"": ""clpt_g_h"", ""est"": 22196, ""makespan"": 56558}, {""rule"": ""ck01"", ""est"": 22386, ""makespan"": 86947}, {""rule"": ""mk02_h"", ""est"": 22884, ""makespan"": 115054}, {""rule"": ""mk04_h"", ""est"": 23444, ""makespan"": 119553}, {""rule"": ""cwhole_h"", ""est"": 23923, ""makespan"": 118715}, {""rule"": ""ck04"", ""est"": 24165, ""makespan"": 48589}, {""rule"": ""mk04"", ""est"": 24357, ""makespan"": 119895}, {""rule"": ""cwhole"", ""est"": 24446, ""makespan"": 116339}, {""rule"": ""mk02"", ""est"": 24567, ""makespan"": 120217}, {""rule"": ""clpt_g"", ""est"": 24896, ""makespan"": 57472}, {""rule"": ""ck02_h"", ""est"": 27643, ""makespan"": 56171}, {""rule"": ""ck04_h"", ""est"": 27653, ""makespan"": 56112}, {""rule"": ""ck02"", ""est"": 27695, ""makespan"": 69236}, {""rule"": ""ccomp"", ""est"": 30428, ""makespan"": 31429}, {""rule"": ""ccomp_h"", ""est"": 30428, ""makespan"": 31546}]"
case_007,203834,1012562,365534,ccomp,False,4,0,,"[{""rule"": ""ccomp"", ""est"": 206904, ""makespan"": 365534}, {""rule"": ""clpt_g"", ""est"": 218004, ""makespan"": 554012}, {""rule"": ""cwhole"", ""est"": 296148, ""makespan"": 1193292}, {""rule"": ""cwhole_h"", ""est"": 296148, ""makespan"": 854600}]"
case_008,100603,487605,134736,clpt_g,False,3,0,,"[{""rule"": ""clpt_g"", ""est"": 53152, ""makespan"": 134736}, {""rule"": ""cwhole_h"", ""est"": 91150, ""makespan"": 841529}, {""rule"": ""cwhole"", ""est"": 105944, ""makespan"": 613605}]"
case_009,89919,153261,92225,ccomp,False,5,0,,"[{""rule"": ""clpt_g"", ""est"": 79524, ""makespan"": 94946}, {""rule"": ""clpt_g_h"", ""est"": 79878, ""makespan"": 93741}, {""rule"": ""ccomp"", ""est"": 79908, ""makespan"": 92225}, {""rule"": ""ccomp_h"", ""est"": 79908, ""makespan"": 92225}, {""rule"": ""ck07_h"", ""est"": 80933, ""makespan"": 130474}]"
case_010,29770,86969,26150,ck07_h,True,18,0,,"[{""rule"": ""ck01_h"", ""est"": 20358, ""makespan"": 76993}, {""rule"": ""clpt_g_h"", ""est"": 20731, ""makespan"": 49073}, {""rule"": ""ck01"", ""est"": 20821, ""makespan"": 72907}, {""rule"": ""clpt_g"", ""est"": 22431, ""makespan"": 59633}, {""rule"": ""ck07_h"", ""est"": 22803, ""makespan"": 26150}, {""rule"": ""ck07"", ""est"": 23864, ""makespan"": 35333}, {""rule"": ""mk02_h"", ""est"": 23955, ""makespan"": 123365}, {""rule"": ""cwhole_h"", ""est"": 24490, ""makespan"": 140339}, {""rule"": ""cwhole"", ""est"": 25495, ""makespan"": 141188}, {""rule"": ""mk04_h"", ""est"": 25554, ""makespan"": 129999}, {""rule"": ""ck04_h"", ""est"": 25739, ""makespan"": 31983}, {""rule"": ""ck02_h"", ""est"": 25865, ""makespan"": 57103}, {""rule"": ""mk02"", ""est"": 25947, ""makespan"": 136404}, {""rule"": ""ck02"", ""est"": 27120, ""makespan"": 41557}, {""rule"": ""ck04"", ""est"": 27387, ""makespan"": 40965}, {""rule"": ""ccomp"", ""est"": 28859, ""makespan"": 29770}, {""rule"": ""ccomp_h"", ""est"": 28859, ""makespan"": 29704}, {""rule"": ""mk04"", ""est"": 28889, ""makespan"": 145889}]"
case_011,49484,184697,49484,ccomp,False,11,0,,"[{""rule"": ""ck01"", ""est"": 39028, ""makespan"": 126758}, {""rule"": ""ck01_h"", ""est"": 39028, ""makespan"": 133814}, {""rule"": ""ck02"", ""est"": 40000, ""makespan"": 69504}, {""rule"": ""ck02_h"", ""est"": 42096, ""makespan"": 209916}, {""rule"": ""clpt_g"", ""est"": 44304, ""makespan"": 571147}, {""rule"": ""clpt_g_h"", ""est"": 44304, ""makespan"": 608380}, {""rule"": ""ccomp"", ""est"": 46512, ""makespan"": 49484}, {""rule"": ""mk02"", ""est"": 55474, ""makespan"": 445622}, {""rule"": ""mk02_h"", ""est"": 55712, ""makespan"": 384285}, {""rule"": ""cwhole"", ""est"": 60250, ""makespan"": 480348}, {""rule"": ""cwhole_h"", ""est"": 60282, ""makespan"": 388350}]"
case_012,19307,59088,17232,ccomp_h,True,16,0,,"[{""rule"": ""ccomp_h"", ""est"": 12551, ""makespan"": 17232}, {""rule"": ""ck07_h"", ""est"": 12652, ""makespan"": 20428}, {""rule"": ""ck07"", ""est"": 12721, ""makespan"": 23592}, {""rule"": ""ck04_h"", ""est"": 13571, ""makespan"": 26382}, {""rule"": ""ck04"", ""est"": 13940, ""makespan"": 37309}, {""rule"": ""ccomp"", ""est"": 14637, ""makespan"": 19594}, {""rule"": ""ck01_h"", ""est"": 14822, ""makespan"": 54035}, {""rule"": ""ck02_h"", ""est"": 15127, ""makespan"": 29464}, {""rule"": ""ck01"", ""est"": 15437, ""makespan"": 44029}, {""rule"": ""ck02"", ""est"": 15667, ""makespan"": 29923}, {""rule"": ""clpt_g_h"", ""est"": 15756, ""makespan"": 77427}, {""rule"": ""clpt_g"", ""est"": 16758, ""makespan"": 84402}, {""rule"": ""mk02_h"", ""est"": 22280, ""makespan"": 151875}, {""rule"": ""cwhole_h"", ""est"": 22423, ""makespan"": 153014}, {""rule"": ""mk02"", ""est"": 24602, ""makespan"": 166586}, {""rule"": ""cwhole"", ""est"": 25183, ""makespan"": 139419}]"
case_013,55202,263949,102984,ccomp,False,5,0,,"[{""rule"": ""ccomp"", ""est"": 58600, ""makespan"": 102984}, {""rule"": ""clpt_g"", ""est"": 72496, ""makespan"": 439391}, {""rule"": ""clpt_g_h"", ""est"": 72496, ""makespan"": 397840}, {""rule"": ""cwhole_h"", ""est"": 98528, ""makespan"": 553464}, {""rule"": ""cwhole"", ""est"": 100362, ""makespan"": 586108}]"
case_014,3868929,17698626,3874137,ccomp,False,4,0,,"[{""rule"": ""ccomp_h"", ""est"": 3485300, ""makespan"": 3875851}, {""rule"": ""ccomp"", ""est"": 3488364, ""makespan"": 3874137}, {""rule"": ""clpt_g"", ""est"": 3772672, ""makespan"": 21486378}, {""rule"": ""clpt_g_h"", ""est"": 3774224, ""makespan"": 18984621}]"
case_015,46571,177362,44798,ccomp_h,True,18,0,,"[{""rule"": ""ccomp_h"", ""est"": 34072, ""makespan"": 44798}, {""rule"": ""ck07_h"", ""est"": 34401, ""makespan"": 68969}, {""rule"": ""ck04_h"", ""est"": 36351, ""makespan"": 77089}, {""rule"": ""ck04"", ""est"": 37175, ""makespan"": 74586}, {""rule"": ""ck07"", ""est"": 37407, ""makespan"": 68582}, {""rule"": ""clpt_g_h"", ""est"": 38687, ""makespan"": 173245}, {""rule"": ""ck02_h"", ""est"": 38839, ""makespan"": 122285}, {""rule"": ""ck02"", ""est"": 39874, ""makespan"": 133620}, {""rule"": ""clpt_g"", ""est"": 40227, ""makespan"": 138117}, {""rule"": ""ccomp"", ""est"": 41740, ""makespan"": 49964}, {""rule"": ""ck01"", ""est"": 44016, ""makespan"": 149087}, {""rule"": ""mk02_h"", ""est"": 47733, ""makespan"": 261927}, {""rule"": ""mk04_h"", ""est"": 48750, ""makespan"": 241478}, {""rule"": ""cwhole_h"", ""est"": 49525, ""makespan"": 285112}, {""rule"": ""mk02"", ""est"": 54251, ""makespan"": 237535}, {""rule"": ""ck01_h"", ""est"": 56043, ""makespan"": 149335}, {""rule"": ""cwhole"", ""est"": 56062, ""makespan"": 217355}, {""rule"": ""mk04"", ""est"": 60868, ""makespan"": 242677}]"
case_016,7701677,7715523,4059962,cwhole_h,True,4,0,,"[{""rule"": ""cwhole_h"", ""est"": 2061207, ""makespan"": 4059962}, {""rule"": ""cwhole"", ""est"": 2179140, ""makespan"": 4931970}, {""rule"": ""clpt_g_h"", ""est"": 7699355, ""makespan"": 7705382}, {""rule"": ""clpt_g"", ""est"": 7701155, ""makespan"": 7713347}]"
case_017,41966,162810,40685,ccomp,True,16,0,,"[{""rule"": ""ccomp_h"", ""est"": 32532, ""makespan"": 42201}, {""rule"": ""ck04_h"", ""est"": 33040, ""makespan"": 47783}, {""rule"": ""ck04"", ""est"": 33445, ""makespan"": 58938}, {""rule"": ""ccomp"", ""est"": 33748, ""makespan"": 40685}, {""rule"": ""ck02_h"", ""est"": 34029, ""makespan"": 88726}, {""rule"": ""ck02"", ""est"": 35199, ""makespan"": 85590}, {""rule"": ""clpt_g_h"", ""est"": 35757, ""makespan"": 132013}, {""rule"": ""ck01_h"", ""est"": 38987, ""makespan"": 130140}, {""rule"": ""clpt_g"", ""est"": 41393, ""makespan"": 96964}, {""rule"": ""ck01"", ""est"": 41658, ""makespan"": 128343}, {""rule"": ""mk02_h"", ""est"": 46286, ""makespan"": 229765}, {""rule"": ""cwhole_h"", ""est"": 46401, ""makespan"": 249496}, {""rule"": ""mk04_h"", ""est"": 54267, ""makespan"": 237511}, {""rule"": ""cwhole"", ""est"": 63490, ""makespan"": 192235}, {""rule"": ""mk04"", ""est"": 68008, ""makespan"": 188910}, {""rule"": ""mk02"", ""est"": 68141, ""makespan"": 176113}]"
case_018,220293,1004367,219065,ccomp_h,True,12,0,,"[{""rule"": ""ccomp_h"", ""est"": 202005, ""makespan"": 219065}, {""rule"": ""ck01_h"", ""est"": 202215, ""makespan"": 223213}, {""rule"": ""ccomp"", ""est"": 202388, ""makespan"": 220832}, {""rule"": ""ck01"", ""est"": 202788, ""makespan"": 228099}, {""rule"": ""clpt_g_h"", ""est"": 221125, ""makespan"": 1000851}, {""rule"": ""clpt_g"", ""est"": 222270, ""makespan"": 1704953}, {""rule"": ""mk02_h"", ""est"": 253825, ""makespan"": 1242481}, {""rule"": ""mk04_h"", ""est"": 261606, ""makespan"": 884577}, {""rule"": ""mk02"", ""est"": 262887, ""makespan"": 1349255}, {""rule"": ""cwhole_h"", ""est"": 269403, ""makespan"": 1403453}, {""rule"": ""cwhole"", ""est"": 275290, ""makespan"": 1534294}, {""rule"": ""mk04"", ""est"": 283645, ""makespan"": 1473299}]"
case_019,24134,81144,24134,ccomp,False,18,0,,"[{""rule"": ""ck07_h"", ""est"": 14308, ""makespan"": 29539}, {""rule"": ""ck04_h"", ""est"": 14319, ""makespan"": 27491}, {""rule"": ""ck02_h"", ""est"": 15094, ""makespan"": 53660}, {""rule"": ""ck07"", ""est"": 15133, ""makespan"": 32981}, {""rule"": ""ck04"", ""est"": 15326, ""makespan"": 28430}, {""rule"": ""ck02"", ""est"": 15574, ""makespan"": 44048}, {""rule"": ""ck01_h"", ""est"": 16535, ""makespan"": 72603}, {""rule"": ""clpt_g_h"", ""est"": 17132, ""makespan"": 63657}, {""rule"": ""mk02_h"", ""est"": 19573, ""makespan"": 134806}, {""rule"": ""cwhole_h"", ""est"": 20101, ""makespan"": 136753}, {""rule"": ""ccomp"", ""est"": 20500, ""makespan"": 24134}, {""rule"": ""ccomp_h"", ""est"": 20500, ""makespan"": 24202}, {""rule"": ""clpt_g"", ""est"": 21532, ""makespan"": 60155}, {""rule"": ""mk04_h"", ""est"": 21551, ""makespan"": 132264}, {""rule"": ""cwhole"", ""est"": 22394, ""makespan"": 148662}, {""rule"": ""mk02"", ""est"": 22428, ""makespan"": 127173}, {""rule"": ""mk04"", ""est"": 22494, ""makespan"": 119094}, {""rule"": ""ck01"", ""est"": 22844, ""makespan"": 71577}]"
case_020,108942,532746,134535,clpt_g,False,5,0,,"[{""rule"": ""clpt_g"", ""est"": 113036, ""makespan"": 134535}, {""rule"": ""mk02_h"", ""est"": 167316, ""makespan"": 2185930}, {""rule"": ""mk02"", ""est"": 167340, ""makespan"": 1756280}, {""rule"": ""cwhole_h"", ""est"": 192088, ""makespan"": 2158223}, {""rule"": ""cwhole"", ""est"": 192350, ""makespan"": 1714035}]"
case_021,1283116,6567937,1283116,ccomp,False,7,0,,"[{""rule"": ""ccomp"", ""est"": 1240000, ""makespan"": 1283116}, {""rule"": ""clpt_g"", ""est"": 1278400, ""makespan"": 5238604}, {""rule"": ""clpt_g_h"", ""est"": 1278400, ""makespan"": 5257850}, {""rule"": ""mk02"", ""est"": 1434740, ""makespan"": 2804347}, {""rule"": ""mk02_h"", ""est"": 1434740, ""makespan"": 2496949}, {""rule"": ""cwhole"", ""est"": 1474240, ""makespan"": 3060734}, {""rule"": ""cwhole_h"", ""est"": 1474240, ""makespan"": 2858691}]"
case_022,13373,56780,13173,ccomp_h,True,14,0,,"[{""rule"": ""ccomp_h"", ""est"": 11625, ""makespan"": 13173}, {""rule"": ""ck04_h"", ""est"": 12208, ""makespan"": 26153}, {""rule"": ""ck04"", ""est"": 12312, ""makespan"": 27060}, {""rule"": ""ccomp"", ""est"": 12897, ""makespan"": 13943}, {""rule"": ""ck02"", ""est"": 13611, ""makespan"": 46100}, {""rule"": ""ck02_h"", ""est"": 13723, ""makespan"": 48436}, {""rule"": ""clpt_g_h"", ""est"": 14237, ""makespan"": 43800}, {""rule"": ""ck01"", ""est"": 14971, ""makespan"": 74021}, {""rule"": ""ck01_h"", ""est"": 15522, ""makespan"": 71408}, {""rule"": ""clpt_g"", ""est"": 16963, ""makespan"": 64498}, {""rule"": ""cwhole"", ""est"": 24657, ""makespan"": 180595}, {""rule"": ""mk02_h"", ""est"": 25514, ""makespan"": 210836}, {""rule"": ""cwhole_h"", ""est"": 25941, ""makespan"": 209400}, {""rule"": ""mk02"", ""est"": 26040, ""makespan"": 208371}]"
case_023,29274,122614,29685,ccomp,False,16,0,,"[{""rule"": ""ccomp_h"", ""est"": 19759, ""makespan"": 30628}, {""rule"": ""ck04_h"", ""est"": 20074, ""makespan"": 38871}, {""rule"": ""ck02_h"", ""est"": 20459, ""makespan"": 55961}, {""rule"": ""ck02"", ""est"": 20665, ""makespan"": 43536}, {""rule"": ""clpt_g_h"", ""est"": 21063, ""makespan"": 72836}, {""rule"": ""clpt_g"", ""est"": 21372, ""makespan"": 64102}, {""rule"": ""ck04"", ""est"": 22130, ""makespan"": 33867}, {""rule"": ""ccomp"", ""est"": 22203, ""makespan"": 29685}, {""rule"": ""ck01_h"", ""est"": 22768, ""makespan"": 104131}, {""rule"": ""ck01"", ""est"": 22822, ""makespan"": 75517}, {""rule"": ""mk02_h"", ""est"": 32470, ""makespan"": 248990}, {""rule"": ""cwhole_h"", ""est"": 32913, ""makespan"": 253518}, {""rule"": ""mk04_h"", ""est"": 36230, ""makespan"": 251720}, {""rule"": ""mk04"", ""est"": 39356, ""makespan"": 224040}, {""rule"": ""mk02"", ""est"": 47412, ""makespan"": 234252}, {""rule"": ""cwhole"", ""est"": 48998, ""makespan"": 244041}]"
case_024,2541497,2555343,1345130,cwhole_h,True,12,0,,"[{""rule"": ""cwhole_h"", ""est"": 682677, ""makespan"": 1345130}, {""rule"": ""cwhole"", ""est"": 720948, ""makespan"": 1611556}, {""rule"": ""clpt_g_h"", ""est"": 2539175, ""makespan"": 2545202}, {""rule"": ""ck02_h"", ""est"": 2540675, ""makespan"": 2556727}, {""rule"": ""clpt_g"", ""est"": 2540975, ""makespan"": 2553167}, {""rule"": ""ck01_h"", ""est"": 2543175, ""makespan"": 2571452}, {""rule"": ""ck07_h"", ""est"": 2555595, ""makespan"": 2559466}, {""rule"": ""ck04_h"", ""est"": 2556095, ""makespan"": 2562411}, {""rule"": ""ck02"", ""est"": 2557870, ""makespan"": 2577427}, {""rule"": ""ck07"", ""est"": 2561795, ""makespan"": 2565766}, {""rule"": ""ck04"", ""est"": 2566795, ""makespan"": 2573211}, {""rule"": ""ck01"", ""est"": 2582870, ""makespan"": 2614652}]"
case_025,983471,4863026,1757768,ccomp,False,4,0,,"[{""rule"": ""ccomp"", ""est"": 995376, ""makespan"": 1757768}, {""rule"": ""clpt_g"", ""est"": 1048088, ""makespan"": 4116478}, {""rule"": ""clpt_g_h"", ""est"": 1048088, ""makespan"": 10018728}, {""rule"": ""cwhole_h"", ""est"": 1423140, ""makespan"": 9389048}]"
case_026,42758,99203,42536,ccomp_h,True,18,0,,"[{""rule"": ""ck02"", ""est"": 27393, ""makespan"": 69212}, {""rule"": ""mk04_h"", ""est"": 28653, ""makespan"": 125246}, {""rule"": ""mk02_h"", ""est"": 29089, ""makespan"": 136551}, {""rule"": ""mk02"", ""est"": 29165, ""makespan"": 158995}, {""rule"": ""ck02_h"", ""est"": 29995, ""makespan"": 70879}, {""rule"": ""mk04"", ""est"": 30307, ""makespan"": 150464}, {""rule"": ""cwhole"", ""est"": 30332, ""makespan"": 155248}, {""rule"": ""cwhole_h"", ""est"": 30450, ""makespan"": 144243}, {""rule"": ""ck01"", ""est"": 30751, ""makespan"": 106737}, {""rule"": ""ck01_h"", ""est"": 30751, ""makespan"": 102656}, {""rule"": ""ck04_h"", ""est"": 33777, ""makespan"": 61920}, {""rule"": ""clpt_g_h"", ""est"": 36374, ""makespan"": 60881}, {""rule"": ""ck04"", ""est"": 36477, ""makespan"": 71317}, {""rule"": ""ck07_h"", ""est"": 37261, ""makespan"": 52571}, {""rule"": ""clpt_g"", ""est"": 38974, ""makespan"": 76121}, {""rule"": ""ck07"", ""est"": 39961, ""makespan"": 54173}, {""rule"": ""ccomp"", ""est"": 40924, ""makespan"": 42758}, {""rule"": ""ccomp_h"", ""est"": 40924, ""makespan"": 42536}]"
case_027,565244,2363952,565244,ccomp,False,11,0,,"[{""rule"": ""ck01"", ""est"": 456712, ""makespan"": 1310738}, {""rule"": ""clpt_g"", ""est"": 460224, ""makespan"": 3344783}, {""rule"": ""clpt_g_h"", ""est"": 460224, ""makespan"": 3279767}, {""rule"": ""ck01_h"", ""est"": 462604, ""makespan"": 1488410}, {""rule"": ""ck02"", ""est"": 471292, ""makespan"": 718144}, {""rule"": ""ck02_h"", ""est"": 505348, ""makespan"": 2271740}, {""rule"": ""mk02"", ""est"": 518634, ""makespan"": 1797523}, {""rule"": ""mk02_h"", ""est"": 518634, ""makespan"": 2095877}, {""rule"": ""cwhole"", ""est"": 532134, ""makespan"": 2098186}, {""rule"": ""cwhole_h"", ""est"": 532134, ""makespan"": 2078397}, {""rule"": ""ccomp"", ""est"": 557680, ""makespan"": 565244}]"
case_028,10194624,43836040,10194624,clpt_g,False,4,0,,"[{""rule"": ""clpt_g"", ""est"": 7899916, ""makespan"": 10194624}, {""rule"": ""mk02_h"", ""est"": 8043322, ""makespan"": 48266610}, {""rule"": ""cwhole_h"", ""est"": 8049368, ""makespan"": 47940873}, {""rule"": ""mk02"", ""est"": 8117152, ""makespan"": 48151442}]"
case_029,11787,37555,11787,ccomp,False,9,0,,"[{""rule"": ""ck02"", ""est"": 9031, ""makespan"": 32689}, {""rule"": ""ccomp"", ""est"": 9425, ""makespan"": 11787}, {""rule"": ""ck02_h"", ""est"": 9935, ""makespan"": 51355}, {""rule"": ""ck01"", ""est"": 10513, ""makespan"": 65843}, {""rule"": ""ck01_h"", ""est"": 10513, ""makespan"": 65237}, {""rule"": ""clpt_g"", ""est"": 11189, ""makespan"": 63296}, {""rule"": ""clpt_g_h"", ""est"": 11547, ""makespan"": 70221}, {""rule"": ""cwhole_h"", ""est"": 17665, ""makespan"": 138915}, {""rule"": ""cwhole"", ""est"": 17692, ""makespan"": 151975}]"
case_030,616404,2808034,615492,ccomp_h,True,5,0,,"[{""rule"": ""ccomp"", ""est"": 566560, ""makespan"": 616404}, {""rule"": ""ccomp_h"", ""est"": 566560, ""makespan"": 615492}, {""rule"": ""clpt_g_h"", ""est"": 645040, ""makespan"": 3876914}, {""rule"": ""clpt_g"", ""est"": 649008, ""makespan"": 3588235}, {""rule"": ""mk02_h"", ""est"": 830505, ""makespan"": 3282023}]"
case_031,291810,1414369,321085,ccomp_h,False,5,0,,"[{""rule"": ""ccomp_h"", ""est"": 275575, ""makespan"": 321085}, {""rule"": ""ck04_h"", ""est"": 276195, ""makespan"": 368469}, {""rule"": ""ck07_h"", ""est"": 276561, ""makespan"": 386340}, {""rule"": ""ck01_h"", ""est"": 289179, ""makespan"": 378779}, {""rule"": ""ck02_h"", ""est"": 290086, ""makespan"": 383290}]"
case_032,13084,41443,10273,ccomp_h,True,14,0,,"[{""rule"": ""ck07_h"", ""est"": 9368, ""makespan"": 15126}, {""rule"": ""ccomp_h"", ""est"": 9610, ""makespan"": 10273}, {""rule"": ""ck04_h"", ""est"": 9910, ""makespan"": 11321}, {""rule"": ""ck07"", ""est"": 10268, ""makespan"": 20545}, {""rule"": ""ccomp"", ""est"": 10780, ""makespan"": 11874}, {""rule"": ""clpt_g_h"", ""est"": 10975, ""makespan"": 47458}, {""rule"": ""ck02"", ""est"": 12328, ""makespan"": 44879}, {""rule"": ""ck04"", ""est"": 12510, ""makespan"": 23203}, {""rule"": ""ck01"", ""est"": 13268, ""makespan"": 50810}, {""rule"": ""ck01_h"", ""est"": 13523, ""makespan"": 43525}, {""rule"": ""ck02_h"", ""est"": 13932, ""makespan"": 50016}, {""rule"": ""clpt_g"", ""est"": 16481, ""makespan"": 73634}, {""rule"": ""cwhole_h"", ""est"": 18046, ""makespan"": 113591}, {""rule"": ""cwhole"", ""est"": 23921, ""makespan"": 100047}]"
case_033,364699,1774196,374479,ccomp_h,False,10,0,,"[{""rule"": ""ccomp_h"", ""est"": 353494, ""makespan"": 374479}, {""rule"": ""ck01_h"", ""est"": 353514, ""makespan"": 380336}, {""rule"": ""ccomp"", ""est"": 353984, ""makespan"": 376902}, {""rule"": ""ck01"", ""est"": 354599, ""makespan"": 376855}, {""rule"": ""clpt_g_h"", ""est"": 380257, ""makespan"": 1398850}, {""rule"": ""clpt_g"", ""est"": 383594, ""makespan"": 1625357}, {""rule"": ""mk02_h"", ""est"": 444420, ""makespan"": 988335}, {""rule"": ""mk02"", ""est"": 456947, ""makespan"": 1074849}, {""rule"": ""cwhole_h"", ""est"": 468209, ""makespan"": 1152132}, {""rule"": ""cwhole"", ""est"": 482111, ""makespan"": 1297551}]"
case_034,207267,842996,195217,ccomp_h,True,12,0,,"[{""rule"": ""ccomp_h"", ""est"": 169241, ""makespan"": 195217}, {""rule"": ""ck01_h"", ""est"": 171638, ""makespan"": 246520}, {""rule"": ""ck02"", ""est"": 172386, ""makespan"": 232962}, {""rule"": ""ck02_h"", ""est"": 172846, ""makespan"": 238759}, {""rule"": ""ccomp"", ""est"": 173276, ""makespan"": 196528}, {""rule"": ""ck01"", ""est"": 173763, ""makespan"": 242614}, {""rule"": ""clpt_g_h"", ""est"": 194569, ""makespan"": 1058504}, {""rule"": ""clpt_g"", ""est"": 200204, ""makespan"": 1193042}, {""rule"": ""mk02_h"", ""est"": 246688, ""makespan"": 1056329}, {""rule"": ""cwhole_h"", ""est"": 256263, ""makespan"": 1134926}, {""rule"": ""mk02"", ""est"": 270784, ""makespan"": 858669}, {""rule"": ""cwhole"", ""est"": 280573, ""makespan"": 1194256}]"
case_035,95460,169571,95460,ccomp,False,18,0,,"[{""rule"": ""ccomp"", ""est"": 77934, ""makespan"": 95460}, {""rule"": ""ccomp_h"", ""est"": 77934, ""makespan"": 95460}, {""rule"": ""clpt_g"", ""est"": 77983, ""makespan"": 116314}, {""rule"": ""clpt_g_h"", ""est"": 78261, ""makespan"": 138624}, {""rule"": ""ck02_h"", ""est"": 83931, ""makespan"": 113346}, {""rule"": ""ck07"", ""est"": 84350, ""makespan"": 102420}, {""rule"": ""ck07_h"", ""est"": 86627, ""makespan"": 121638}, {""rule"": ""ck02"", ""est"": 87764, ""makespan"": 135599}, {""rule"": ""ck04_h"", ""est"": 88328, ""makespan"": 126031}, {""rule"": ""ck04"", ""est"": 89531, ""makespan"": 146559}, {""rule"": ""ck01"", ""est"": 89959, ""makespan"": 164017}, {""rule"": ""ck01_h"", ""est"": 90911, ""makespan"": 161192}, {""rule"": ""cwhole_h"", ""est"": 94462, ""makespan"": 491806}, {""rule"": ""mk02_h"", ""est"": 95062, ""makespan"": 488864}, {""rule"": ""mk04_h"", ""est"": 95923, ""makespan"": 506131}, {""rule"": ""mk02"", ""est"": 185797, ""makespan"": 771267}, {""rule"": ""mk04"", ""est"": 210254, ""makespan"": 796411}, {""rule"": ""cwhole"", ""est"": 211761, ""makespan"": 816454}]"
case_036,187182,931510,352860,clpt_g,False,1,0,,"[{""rule"": ""clpt_g"", ""est"": 202240, ""makespan"": 352860}]"
case_037,43013,210001,46592,ccomp,False,9,0,,"[{""rule"": ""ccomp"", ""est"": 42320, ""makespan"": 46592}, {""rule"": ""ck02"", ""est"": 43920, ""makespan"": 160283}, {""rule"": ""ck01"", ""est"": 47728, ""makespan"": 99494}, {""rule"": ""clpt_g"", ""est"": 49920, ""makespan"": 262344}, {""rule"": ""clpt_g_h"", ""est"": 49920, ""makespan"": 232435}, {""rule"": ""mk02"", ""est"": 61608, ""makespan"": 173188}, {""rule"": ""mk02_h"", ""est"": 62084, ""makespan"": 172034}, {""rule"": ""cwhole"", ""est"": 68008, ""makespan"": 209574}, {""rule"": ""cwhole_h"", ""est"": 68484, ""makespan"": 202017}]"
case_038,322765,1364555,317689,ccomp,True,5,0,,"[{""rule"": ""ccomp_h"", ""est"": 272349, ""makespan"": 319812}, {""rule"": ""ck01_h"", ""est"": 272388, ""makespan"": 318585}, {""rule"": ""ccomp"", ""est"": 273306, ""makespan"": 317689}, {""rule"": ""ck01"", ""est"": 273306, ""makespan"": 333537}, {""rule"": ""clpt_g_h"", ""est"": 321826, ""makespan"": 1781935}]"
case_039,327297,1435262,562938,ccomp,False,7,0,,"[{""rule"": ""ccomp"", ""est"": 276976, ""makespan"": 562938}, {""rule"": ""clpt_g"", ""est"": 329238, ""makespan"": 2321096}, {""rule"": ""clpt_g_h"", ""est"": 329238, ""makespan"": 2206141}, {""rule"": ""mk02"", ""est"": 409880, ""makespan"": 1219075}, {""rule"": ""mk02_h"", ""est"": 415408, ""makespan"": 1318840}, {""rule"": ""cwhole"", ""est"": 452060, ""makespan"": 1597360}, {""rule"": ""cwhole_h"", ""est"": 452060, ""makespan"": 1608988}]"
case_040,110337,253454,110337,ccomp,False,16,0,,"[{""rule"": ""ck07_h"", ""est"": 79246, ""makespan"": 227674}, {""rule"": ""clpt_g_h"", ""est"": 79712, ""makespan"": 260515}, {""rule"": ""clpt_g"", ""est"": 86012, ""makespan"": 166445}, {""rule"": ""ck02_h"", ""est"": 90301, ""makespan"": 202707}, {""rule"": ""ck01_h"", ""est"": 93319, ""makespan"": 185982}, {""rule"": ""ccomp"", ""est"": 94157, ""makespan"": 110337}, {""rule"": ""ccomp_h"", ""est"": 94157, ""makespan"": 110337}, {""rule"": ""ck04"", ""est"": 94269, ""makespan"": 208494}, {""rule"": ""ck07"", ""est"": 97399, ""makespan"": 212924}, {""rule"": ""ck01"", ""est"": 97974, ""makespan"": 186279}, {""rule"": ""ck04_h"", ""est"": 98218, ""makespan"": 205044}, {""rule"": ""ck02"", ""est"": 99807, ""makespan"": 206089}, {""rule"": ""cwhole_h"", ""est"": 103884, ""makespan"": 512943}, {""rule"": ""mk02_h"", ""est"": 110052, ""makespan"": 499967}, {""rule"": ""mk02"", ""est"": 123185, ""makespan"": 555848}, {""rule"": ""cwhole"", ""est"": 154075, ""makespan"": 897588}]"
case_041,1252937,6003957,1249892,ccomp_h,True,4,0,,"[{""rule"": ""ccomp_h"", ""est"": 1193160, ""makespan"": 1249892}, {""rule"": ""ccomp"", ""est"": 1208960, ""makespan"": 1271082}, {""rule"": ""clpt_g_h"", ""est"": 1334705, ""makespan"": 5316433}, {""rule"": ""clpt_g"", ""est"": 1336431, ""makespan"": 5839707}]"
case_042,398134,1686740,352061,ck07_h,True,16,0,,"[{""rule"": ""ccomp_h"", ""est"": 334300, ""makespan"": 352170}, {""rule"": ""ck07_h"", ""est"": 334300, ""makespan"": 352061}, {""rule"": ""ck04_h"", ""est"": 334551, ""makespan"": 404138}, {""rule"": ""ck02"", ""est"": 335385, ""makespan"": 405217}, {""rule"": ""ck04"", ""est"": 336135, ""makespan"": 410007}, {""rule"": ""ck02_h"", ""est"": 336436, ""makespan"": 396516}, {""rule"": ""ck01_h"", ""est"": 338439, ""makespan"": 377673}, {""rule"": ""ck01"", ""est"": 339999, ""makespan"": 393894}, {""rule"": ""clpt_g_h"", ""est"": 373351, ""makespan"": 2633325}, {""rule"": ""ck07"", ""est"": 375119, ""makespan"": 437544}, {""rule"": ""clpt_g"", ""est"": 377827, ""makespan"": 3849672}, {""rule"": ""ccomp"", ""est"": 405404, ""makespan"": 422501}, {""rule"": ""mk02_h"", ""est"": 437140, ""makespan"": 2693305}, {""rule"": ""mk02"", ""est"": 466872, ""makespan"": 2288266}, {""rule"": ""cwhole_h"", ""est"": 471103, ""makespan"": 3074368}, {""rule"": ""cwhole"", ""est"": 480313, ""makespan"": 2266608}]"
case_043,269230,677656,268850,ccomp_h,True,5,0,,"[{""rule"": ""ccomp"", ""est"": 207916, ""makespan"": 269230}, {""rule"": ""ccomp_h"", ""est"": 207916, ""makespan"": 268850}, {""rule"": ""clpt_g_h"", ""est"": 208165, ""makespan"": 637169}, {""rule"": ""ck07_h"", ""est"": 208589, ""makespan"": 327166}, {""rule"": ""ck04_h"", ""est"": 208829, ""makespan"": 607643}]"
case_044,127941,154407,119693,mk04_h,True,9,0,,"[{""rule"": ""clpt_g"", ""est"": 46995, ""makespan"": 175986}, {""rule"": ""ck01"", ""est"": 48725, ""makespan"": 180425}, {""rule"": ""ck01_h"", ""est"": 48725, ""makespan"": 194240}, {""rule"": ""cwhole"", ""est"": 63719, ""makespan"": 675680}, {""rule"": ""mk04_h"", ""est"": 63772, ""makespan"": 119693}, {""rule"": ""mk02_h"", ""est"": 66136, ""makespan"": 193239}, {""rule"": ""cwhole_h"", ""est"": 72657, ""makespan"": 221254}, {""rule"": ""mk02"", ""est"": 89536, ""makespan"": 302836}, {""rule"": ""mk04"", ""est"": 91502, ""makespan"": 276338}]"
case_045,27166,125614,35703,clpt_g,False,5,0,,"[{""rule"": ""clpt_g"", ""est"": 27012, ""makespan"": 35703}, {""rule"": ""mk02"", ""est"": 39498, ""makespan"": 419531}, {""rule"": ""mk02_h"", ""est"": 39560, ""makespan"": 393179}, {""rule"": ""cwhole"", ""est"": 45392, ""makespan"": 449937}, {""rule"": ""cwhole_h"", ""est"": 45416, ""makespan"": 477615}]"
case_046,131039,276455,140604,clpt_g,False,11,0,,"[{""rule"": ""clpt_g"", ""est"": 52512, ""makespan"": 140604}, {""rule"": ""ck02"", ""est"": 52712, ""makespan"": 207199}, {""rule"": ""ck02_h"", ""est"": 52712, ""makespan"": 168039}, {""rule"": ""ck01"", ""est"": 53112, ""makespan"": 213579}, {""rule"": ""cwhole_h"", ""est"": 66625, ""makespan"": 528104}, {""rule"": ""ck01_h"", ""est"": 73448, ""makespan"": 200717}, {""rule"": ""cwhole"", ""est"": 77521, ""makespan"": 671365}, {""rule"": ""mk02_h"", ""est"": 145503, ""makespan"": 337349}, {""rule"": ""mk04_h"", ""est"": 152907, ""makespan"": 309333}, {""rule"": ""mk02"", ""est"": 166203, ""makespan"": 419663}, {""rule"": ""mk04"", ""est"": 175407, ""makespan"": 410801}]"
case_047,320115,326508,325911,ck04_h,False,5,0,,"[{""rule"": ""clpt_g"", ""est"": 258308, ""makespan"": 332315}, {""rule"": ""clpt_g_h"", ""est"": 259170, ""makespan"": 328547}, {""rule"": ""ck04_h"", ""est"": 259570, ""makespan"": 325911}, {""rule"": ""ck07_h"", ""est"": 259570, ""makespan"": 326245}, {""rule"": ""ck04"", ""est"": 260370, ""makespan"": 331227}]"
case_048,175324,222220,223194,ck02_h,False,14,0,,"[{""rule"": ""cwhole_h"", ""est"": 131298, ""makespan"": 235868}, {""rule"": ""clpt_g"", ""est"": 138448, ""makespan"": 226979}, {""rule"": ""clpt_g_h"", ""est"": 139092, ""makespan"": 224093}, {""rule"": ""ck01_h"", ""est"": 139532, ""makespan"": 223250}, {""rule"": ""ck04"", ""est"": 140168, ""makespan"": 225017}, {""rule"": ""ck04_h"", ""est"": 140168, ""makespan"": 223335}, {""rule"": ""ck02_h"", ""est"": 140208, ""makespan"": 223194}, {""rule"": ""ck01"", ""est"": 140432, ""makespan"": 223354}, {""rule"": ""ck07_h"", ""est"": 140468, ""makespan"": 223297}, {""rule"": ""ck07"", ""est"": 140488, ""makespan"": 223653}, {""rule"": ""ck02"", ""est"": 140904, ""makespan"": 223938}, {""rule"": ""mk02_h"", ""est"": 256720, ""makespan"": 627954}, {""rule"": ""cwhole"", ""est"": 288636, ""makespan"": 681086}, {""rule"": ""mk02"", ""est"": 300384, ""makespan"": 724445}]"
case_049,117701,196276,160260,ccomp,False,14,0,,"[{""rule"": ""cwhole_h"", ""est"": 109227, ""makespan"": 583576}, {""rule"": ""cwhole"", ""est"": 130753, ""makespan"": 882107}, {""rule"": ""ccomp"", ""est"": 142012, ""makespan"": 160260}, {""rule"": ""ccomp_h"", ""est"": 142012, ""makespan"": 160260}, {""rule"": ""clpt_g"", ""est"": 142121, ""makespan"": 161824}, {""rule"": ""clpt_g_h"", ""est"": 142121, ""makespan"": 161479}, {""rule"": ""ck04"", ""est"": 142912, ""makespan"": 168682}, {""rule"": ""ck04_h"", ""est"": 142912, ""makespan"": 162045}, {""rule"": ""ck07"", ""est"": 143874, ""makespan"": 171241}, {""rule"": ""ck07_h"", ""est"": 143874, ""makespan"": 183061}, {""rule"": ""ck01"", ""est"": 144877, ""makespan"": 180982}, {""rule"": ""ck02"", ""est"": 145165, ""makespan"": 166858}, {""rule"": ""ck02_h"", ""est"": 145534, ""makespan"": 167229}, {""rule"": ""ck01_h"", ""est"": 145777, ""makespan"": 183458}]"
case_050,82168,149690,107999,clpt_g_h,False,16,0,,"[{""rule"": ""clpt_g_h"", ""est"": 94944, ""makespan"": 107999}, {""rule"": ""ccomp"", ""est"": 95839, ""makespan"": 108160}, {""rule"": ""ccomp_h"", ""est"": 95839, ""makespan"": 108160}, {""rule"": ""clpt_g"", ""est"": 95844, ""makespan"": 117363}, {""rule"": ""ck01"", ""est"": 96726, ""makespan"": 143362}, {""rule"": ""ck07"", ""est"": 96753, ""makespan"": 111086}, {""rule"": ""ck07_h"", ""est"": 96753, ""makespan"": 109651}, {""rule"": ""ck04_h"", ""est"": 96853, ""makespan"": 109910}, {""rule"": ""ck02_h"", ""est"": 97113, ""makespan"": 117777}, {""rule"": ""ck01_h"", ""est"": 97626, ""makespan"": 155230}, {""rule"": ""ck04"", ""est"": 97753, ""makespan"": 119717}, {""rule"": ""ck02"", ""est"": 98579, ""makespan"": 115747}, {""rule"": ""mk02_h"", ""est"": 102163, ""makespan"": 666570}, {""rule"": ""cwhole_h"", ""est"": 102861, ""makespan"": 641396}, {""rule"": ""cwhole"", ""est"": 122273, ""makespan"": 1101438}, {""rule"": ""mk02"", ""est"": 124127, ""makespan"": 1063061}]"
case_051,593791,607628,320414,cwhole_h,True,12,0,,"[{""rule"": ""cwhole_h"", ""est"": 162180, ""makespan"": 320414}, {""rule"": ""cwhole"", ""est"": 170552, ""makespan"": 368855}, {""rule"": ""ck01"", ""est"": 353525, ""makespan"": 419446}, {""rule"": ""ck01_h"", ""est"": 353525, ""makespan"": 412650}, {""rule"": ""clpt_g_h"", ""est"": 591460, ""makespan"": 597487}, {""rule"": ""clpt_g"", ""est"": 593260, ""makespan"": 605452}, {""rule"": ""ck02_h"", ""est"": 594960, ""makespan"": 622134}, {""rule"": ""ck07_h"", ""est"": 607880, ""makespan"": 611751}, {""rule"": ""ck04_h"", ""est"": 609480, ""makespan"": 621234}, {""rule"": ""ck07"", ""est"": 614080, ""makespan"": 618051}, {""rule"": ""ck04"", ""est"": 630080, ""makespan"": 641934}, {""rule"": ""ck02"", ""est"": 630155, ""makespan"": 665400}]"
case_052,51333,180301,42562,ccomp_h,True,14,0,,"[{""rule"": ""ccomp_h"", ""est"": 34604, ""makespan"": 42562}, {""rule"": ""ck02_h"", ""est"": 35366, ""makespan"": 68168}, {""rule"": ""ck02"", ""est"": 36473, ""makespan"": 63275}, {""rule"": ""ccomp"", ""est"": 36492, ""makespan"": 42992}, {""rule"": ""ck01_h"", ""est"": 36895, ""makespan"": 104493}, {""rule"": ""clpt_g_h"", ""est"": 38055, ""makespan"": 184743}, {""rule"": ""ck01"", ""est"": 38684, ""makespan"": 128019}, {""rule"": ""clpt_g"", ""est"": 40211, ""makespan"": 154231}, {""rule"": ""mk02_h"", ""est"": 48384, ""makespan"": 210895}, {""rule"": ""cwhole_h"", ""est"": 50896, ""makespan"": 249072}, {""rule"": ""mk04"", ""est"": 52931, ""makespan"": 237373}, {""rule"": ""mk02"", ""est"": 56942, ""makespan"": 223114}, {""rule"": ""mk04_h"", ""est"": 57348, ""makespan"": 210551}, {""rule"": ""cwhole"", ""est"": 64529, ""makespan"": 212352}]"
case_053,492699,1472686,492699,ccomp,False,5,0,,"[{""rule"": ""clpt_g"", ""est"": 349057, ""makespan"": 828437}, {""rule"": ""ccomp"", ""est"": 349570, ""makespan"": 492699}, {""rule"": ""ccomp_h"", ""est"": 349570, ""makespan"": 492699}, {""rule"": ""clpt_g_h"", ""est"": 349638, ""makespan"": 885375}, {""rule"": ""ck07_h"", ""est"": 349995, ""makespan"": 729962}]"
case_054,455620,815051,518133,ccomp,False,4,0,,"[{""rule"": ""ccomp"", ""est"": 416591, ""makespan"": 518133}, {""rule"": ""ccomp_h"", ""est"": 416591, ""makespan"": 518133}, {""rule"": ""clpt_g_h"", ""est"": 417717, ""makespan"": 586113}, {""rule"": ""clpt_g"", ""est"": 417951, ""makespan"": 556154}]"
case_055,30887,118835,30832,ccomp_h,True,18,0,,"[{""rule"": ""ccomp_h"", ""est"": 24156, ""makespan"": 30832}, {""rule"": ""ck07_h"", ""est"": 24156, ""makespan"": 30847}, {""rule"": ""ck04_h"", ""est"": 25459, ""makespan"": 40682}, {""rule"": ""ck07"", ""est"": 26434, ""makespan"": 32270}, {""rule"": ""ck04"", ""est"": 26689, ""makespan"": 35865}, {""rule"": ""ck02"", ""est"": 26699, ""makespan"": 96404}, {""rule"": ""ccomp"", ""est"": 26770, ""makespan"": 30882}, {""rule"": ""ck02_h"", ""est"": 27007, ""makespan"": 89371}, {""rule"": ""ck01"", ""est"": 28446, ""makespan"": 86760}, {""rule"": ""ck01_h"", ""est"": 28876, ""makespan"": 101676}, {""rule"": ""clpt_g_h"", ""est"": 28959, ""makespan"": 123472}, {""rule"": ""clpt_g"", ""est"": 32637, ""makespan"": 109818}, {""rule"": ""mk04_h"", ""est"": 35307, ""makespan"": 179488}, {""rule"": ""mk02_h"", ""est"": 35909, ""makespan"": 190493}, {""rule"": ""cwhole_h"", ""est"": 37335, ""makespan"": 200528}, {""rule"": ""cwhole"", ""est"": 42017, ""makespan"": 143750}, {""rule"": ""mk02"", ""est"": 51867, ""makespan"": 115759}, {""rule"": ""mk04"", ""est"": 56014, ""makespan"": 152615}]"
case_056,191133,277285,273459,ck01,False,5,0,,"[{""rule"": ""mk02_h"", ""est"": 182959, ""makespan"": 1042265}, {""rule"": ""cwhole_h"", ""est"": 183175, ""makespan"": 1066488}, {""rule"": ""mk02"", ""est"": 195410, ""makespan"": 1563933}, {""rule"": ""cwhole"", ""est"": 202517, ""makespan"": 1563446}, {""rule"": ""ck01"", ""est"": 233435, ""makespan"": 273459}]"
case_057,17205,59726,13747,ccomp,True,18,0,,"[{""rule"": ""ck07_h"", ""est"": 12387, ""makespan"": 20118}, {""rule"": ""ck04_h"", ""est"": 12982, ""makespan"": 28153}, {""rule"": ""ck07"", ""est"": 12993, ""makespan"": 36843}, {""rule"": ""ccomp_h"", ""est"": 13049, ""makespan"": 14105}, {""rule"": ""ccomp"", ""est"": 13080, ""makespan"": 13747}, {""rule"": ""ck02_h"", ""est"": 13262, ""makespan"": 52919}, {""rule"": ""ck04"", ""est"": 14540, ""makespan"": 52140}, {""rule"": ""clpt_g_h"", ""est"": 14574, ""makespan"": 72343}, {""rule"": ""ck01_h"", ""est"": 14758, ""makespan"": 63703}, {""rule"": ""mk04_h"", ""est"": 17114, ""makespan"": 96724}, {""rule"": ""mk02_h"", ""est"": 17288, ""makespan"": 90508}, {""rule"": ""clpt_g"", ""est"": 17303, ""makespan"": 76350}, {""rule"": ""ck02"", ""est"": 18380, ""makespan"": 49683}, {""rule"": ""cwhole_h"", ""est"": 19036, ""makespan"": 117110}, {""rule"": ""mk02"", ""est"": 19971, ""makespan"": 109432}, {""rule"": ""mk04"", ""est"": 20830, ""makespan"": 102869}, {""rule"": ""cwhole"", ""est"": 22094, ""makespan"": 128413}, {""rule"": ""ck01"", ""est"": 27413, ""makespan"": 79790}]"
case_058,948121,4539717,1784441,ccomp,False,4,0,,"[{""rule"": ""ccomp"", ""est"": 876894, ""makespan"": 1784441}, {""rule"": ""clpt_g"", ""est"": 1041777, ""makespan"": 6148117}, {""rule"": ""clpt_g_h"", ""est"": 1041777, ""makespan"": 4876203}, {""rule"": ""mk02"", ""est"": 1272474, ""makespan"": 3602322}]"
case_059,163124,829473,163124,ccomp,False,7,0,,"[{""rule"": ""ccomp"", ""est"": 151164, ""makespan"": 163124}, {""rule"": ""clpt_g"", ""est"": 175968, ""makespan"": 2215616}, {""rule"": ""clpt_g_h"", ""est"": 175968, ""makespan"": 2215210}, {""rule"": ""mk02"", ""est"": 215432, ""makespan"": 1538939}, {""rule"": ""mk02_h"", ""est"": 218272, ""makespan"": 1750943}, {""rule"": ""cwhole_h"", ""est"": 239842, ""makespan"": 1645186}, {""rule"": ""cwhole"", ""est"": 239990, ""makespan"": 1913066}]"
case_060,190762,888789,193466,ccomp,False,5,0,,"[{""rule"": ""ccomp_h"", ""est"": 175699, ""makespan"": 198204}, {""rule"": ""ck02_h"", ""est"": 175926, ""makespan"": 212040}, {""rule"": ""ccomp"", ""est"": 177513, ""makespan"": 193466}, {""rule"": ""ck01_h"", ""est"": 178116, ""makespan"": 289130}, {""rule"": ""ck02"", ""est"": 178185, ""makespan"": 207610}]"
case_061,24673,77191,22775,ccomp_h,True,14,0,,"[{""rule"": ""ck04_h"", ""est"": 18382, ""makespan"": 30598}, {""rule"": ""ck04"", ""est"": 19242, ""makespan"": 42406}, {""rule"": ""ck02_h"", ""est"": 19275, ""makespan"": 79800}, {""rule"": ""ccomp_h"", ""est"": 20012, ""makespan"": 22775}, {""rule"": ""ck02"", ""est"": 20044, ""makespan"": 60253}, {""rule"": ""ck07_h"", ""est"": 20212, ""makespan"": 23837}, {""rule"": ""ccomp"", ""est"": 20489, ""makespan"": 24928}, {""rule"": ""ck01_h"", ""est"": 20573, ""makespan"": 66291}, {""rule"": ""ck01"", ""est"": 21528, ""makespan"": 91404}, {""rule"": ""ck07"", ""est"": 21912, ""makespan"": 46116}, {""rule"": ""clpt_g_h"", ""est"": 22449, ""makespan"": 115021}, {""rule"": ""clpt_g"", ""est"": 25134, ""makespan"": 113837}, {""rule"": ""cwhole_h"", ""est"": 30319, ""makespan"": 165291}, {""rule"": ""cwhole"", ""est"": 39430, ""makespan"": 128247}]"
case_062,578116,2854809,619531,ck01,False,4,0,,"[{""rule"": ""ck01"", ""est"": 532400, ""makespan"": 619531}, {""rule"": ""ck01_h"", ""est"": 540348, ""makespan"": 619531}, {""rule"": ""ck02_h"", ""est"": 548996, ""makespan"": 654992}, {""rule"": ""ck02"", ""est"": 551300, ""makespan"": 674891}]"
case_063,219468,1070397,235197,ck01_h,False,5,0,,"[{""rule"": ""ck01"", ""est"": 203300, ""makespan"": 236097}, {""rule"": ""ck02_h"", ""est"": 203668, ""makespan"": 242928}, {""rule"": ""ck02"", ""est"": 206300, ""makespan"": 249554}, {""rule"": ""ck01_h"", ""est"": 206316, ""makespan"": 235197}, {""rule"": ""clpt_g"", ""est"": 213200, ""makespan"": 613842}]"
case_064,18095,19116,20169,ck02_h,False,12,0,,"[{""rule"": ""clpt_g"", ""est"": 16453, ""makespan"": 21907}, {""rule"": ""clpt_g_h"", ""est"": 16453, ""makespan"": 20319}, {""rule"": ""ck04"", ""est"": 16616, ""makespan"": 20798}, {""rule"": ""ck04_h"", ""est"": 16616, ""makespan"": 20257}, {""rule"": ""ck07"", ""est"": 16624, ""makespan"": 20443}, {""rule"": ""ck07_h"", ""est"": 16624, ""makespan"": 20176}, {""rule"": ""ck02"", ""est"": 16635, ""makespan"": 20313}, {""rule"": ""ck02_h"", ""est"": 16635, ""makespan"": 20169}, {""rule"": ""ck01_h"", ""est"": 17457, ""makespan"": 21408}, {""rule"": ""ck01"", ""est"": 17476, ""makespan"": 21330}, {""rule"": ""cwhole_h"", ""est"": 33262, ""makespan"": 99720}, {""rule"": ""cwhole"", ""est"": 75872, ""makespan"": 238026}]"
case_065,14836,53068,14434,ccomp_h,True,16,0,,"[{""rule"": ""ccomp_h"", ""est"": 10934, ""makespan"": 14434}, {""rule"": ""ck04_h"", ""est"": 11285, ""makespan"": 24901}, {""rule"": ""ck04"", ""est"": 11760, ""makespan"": 26088}, {""rule"": ""ccomp"", ""est"": 12087, ""makespan"": 15201}, {""rule"": ""ck02_h"", ""est"": 12121, ""makespan"": 49853}, {""rule"": ""clpt_g_h"", ""est"": 12124, ""makespan"": 51412}, {""rule"": ""ck02"", ""est"": 12679, ""makespan"": 44573}, {""rule"": ""clpt_g"", ""est"": 13129, ""makespan"": 40990}, {""rule"": ""ck01_h"", ""est"": 13832, ""makespan"": 51622}, {""rule"": ""ck01"", ""est"": 15343, ""makespan"": 46735}, {""rule"": ""mk04_h"", ""est"": 16823, ""makespan"": 113155}, {""rule"": ""mk02_h"", ""est"": 17054, ""makespan"": 132337}, {""rule"": ""cwhole_h"", ""est"": 17597, ""makespan"": 142954}, {""rule"": ""mk04"", ""est"": 19748, ""makespan"": 113965}, {""rule"": ""mk02"", ""est"": 25993, ""makespan"": 110821}, {""rule"": ""cwhole"", ""est"": 26988, ""makespan"": 124075}]"
case_066,242906,359070,249724,ccomp,False,5,0,,"[{""rule"": ""cwhole_h"", ""est"": 170740, ""makespan"": 1448268}, {""rule"": ""mk02_h"", ""est"": 171834, ""makespan"": 1611774}, {""rule"": ""mk04_h"", ""est"": 174303, ""makespan"": 1609345}, {""rule"": ""mk04"", ""est"": 202497, ""makespan"": 1810669}, {""rule"": ""ccomp"", ""est"": 202996, ""makespan"": 249724}]"
case_067,15931687,63834834,15967384,clpt_g,False,3,0,,"[{""rule"": ""cwhole_h"", ""est"": 12032924, ""makespan"": 68205943}, {""rule"": ""cwhole"", ""est"": 12068884, ""makespan"": 66386031}, {""rule"": ""clpt_g"", ""est"": 12448380, ""makespan"": 15967384}]"
case_068,248861,362095,303362,ccomp_h,False,16,0,,"[{""rule"": ""cwhole_h"", ""est"": 160125, ""makespan"": 1125605}, {""rule"": ""cwhole"", ""est"": 210310, ""makespan"": 1286624}, {""rule"": ""ck07_h"", ""est"": 233744, ""makespan"": 303585}, {""rule"": ""clpt_g"", ""est"": 234017, ""makespan"": 318063}, {""rule"": ""mk02"", ""est"": 234419, ""makespan"": 1391807}, {""rule"": ""ck07"", ""est"": 234544, ""makespan"": 323383}, {""rule"": ""clpt_g_h"", ""est"": 235280, ""makespan"": 315504}, {""rule"": ""ccomp"", ""est"": 235828, ""makespan"": 303479}, {""rule"": ""ccomp_h"", ""est"": 235828, ""makespan"": 303362}, {""rule"": ""ck02_h"", ""est"": 236041, ""makespan"": 321761}, {""rule"": ""ck04"", ""est"": 236216, ""makespan"": 318869}, {""rule"": ""ck04_h"", ""est"": 236216, ""makespan"": 330049}, {""rule"": ""ck01"", ""est"": 236792, ""makespan"": 337177}, {""rule"": ""ck01_h"", ""est"": 236792, ""makespan"": 331526}, {""rule"": ""ck02"", ""est"": 236941, ""makespan"": 325085}, {""rule"": ""mk02_h"", ""est"": 241733, ""makespan"": 1454839}]"
case_069,21040,25144,20121,ck01,True,16,0,,"[{""rule"": ""ck01"", ""est"": 12804, ""makespan"": 20121}, {""rule"": ""ck02_h"", ""est"": 12961, ""makespan"": 24241}, {""rule"": ""ck02"", ""est"": 13115, ""makespan"": 26477}, {""rule"": ""ck01_h"", ""est"": 13378, ""makespan"": 25562}, {""rule"": ""ck04_h"", ""est"": 16249, ""makespan"": 23663}, {""rule"": ""ck04"", ""est"": 17149, ""makespan"": 25518}, {""rule"": ""clpt_g"", ""est"": 17664, ""makespan"": 27220}, {""rule"": ""clpt_g_h"", ""est"": 17664, ""makespan"": 26644}, {""rule"": ""ck07_h"", ""est"": 18082, ""makespan"": 26974}, {""rule"": ""ck07"", ""est"": 18982, ""makespan"": 27989}, {""rule"": ""mk02_h"", ""est"": 22462, ""makespan"": 233959}, {""rule"": ""cwhole_h"", ""est"": 23162, ""makespan"": 158243}, {""rule"": ""mk04_h"", ""est"": 24031, ""makespan"": 237410}, {""rule"": ""cwhole"", ""est"": 27238, ""makespan"": 227714}, {""rule"": ""mk04"", ""est"": 28485, ""makespan"": 288023}, {""rule"": ""mk02"", ""est"": 28533, ""makespan"": 255782}]"
case_070,37044,117300,32208,ccomp_h,True,18,0,,"[{""rule"": ""ccomp_h"", ""est"": 23772, ""makespan"": 32208}, {""rule"": ""ck07_h"", ""est"": 24158, ""makespan"": 39389}, {""rule"": ""ck04_h"", ""est"": 24449, ""makespan"": 44803}, {""rule"": ""ck04"", ""est"": 24832, ""makespan"": 49224}, {""rule"": ""ck02"", ""est"": 25563, ""makespan"": 68383}, {""rule"": ""ck02_h"", ""est"": 25608, ""makespan"": 60065}, {""rule"": ""ck07"", ""est"": 25730, ""makespan"": 40474}, {""rule"": ""ccomp"", ""est"": 26726, ""makespan"": 35438}, {""rule"": ""ck01"", ""est"": 26881, ""makespan"": 95437}, {""rule"": ""ck01_h"", ""est"": 27516, ""makespan"": 86577}, {""rule"": ""clpt_g_h"", ""est"": 28126, ""makespan"": 106354}, {""rule"": ""clpt_g"", ""est"": 28959, ""makespan"": 150075}, {""rule"": ""mk02_h"", ""est"": 38936, ""makespan"": 184828}, {""rule"": ""mk04_h"", ""est"": 40147, ""makespan"": 181232}, {""rule"": ""cwhole_h"", ""est"": 41581, ""makespan"": 213864}, {""rule"": ""cwhole"", ""est"": 45874, ""makespan"": 184997}, {""rule"": ""mk04"", ""est"": 46242, ""makespan"": 155742}, {""rule"": ""mk02"", ""est"": 46697, ""makespan"": 176400}]"
case_071,16183,18919,18302,ck01,False,16,0,,"[{""rule"": ""ck01_h"", ""est"": 9595, ""makespan"": 20086}, {""rule"": ""ck01"", ""est"": 10430, ""makespan"": 18302}, {""rule"": ""ck07_h"", ""est"": 12734, ""makespan"": 18930}, {""rule"": ""ck02_h"", ""est"": 13170, ""makespan"": 19221}, {""rule"": ""clpt_g"", ""est"": 13524, ""makespan"": 20995}, {""rule"": ""clpt_g_h"", ""est"": 13524, ""makespan"": 20453}, {""rule"": ""ck07"", ""est"": 13534, ""makespan"": 19830}, {""rule"": ""ck04"", ""est"": 13576, ""makespan"": 21562}, {""rule"": ""ck04_h"", ""est"": 13576, ""makespan"": 19214}, {""rule"": ""ck02"", ""est"": 14070, ""makespan"": 23097}, {""rule"": ""mk02_h"", ""est"": 17804, ""makespan"": 129626}, {""rule"": ""cwhole_h"", ""est"": 17880, ""makespan"": 119388}, {""rule"": ""mk04_h"", ""est"": 20166, ""makespan"": 125775}, {""rule"": ""cwhole"", ""est"": 26757, ""makespan"": 176831}, {""rule"": ""mk04"", ""est"": 26848, ""makespan"": 201048}, {""rule"": ""mk02"", ""est"": 27796, ""makespan"": 224798}]"
case_072,4876282,23897828,4843717,ck04_h,True,4,0,,"[{""rule"": ""ccomp_h"", ""est"": 4605360, ""makespan"": 4882666}, {""rule"": ""ck04_h"", ""est"": 4628008, ""makespan"": 4843717}, {""rule"": ""ck02_h"", ""est"": 4628666, ""makespan"": 5068416}, {""rule"": ""ck01"", ""est"": 4685959, ""makespan"": 5074748}]"
case_073,3063665,10081626,3539849,clpt_g,False,3,0,,"[{""rule"": ""clpt_g"", ""est"": 1674784, ""makespan"": 3539849}, {""rule"": ""cwhole_h"", ""est"": 1720383, ""makespan"": 12042198}, {""rule"": ""cwhole"", ""est"": 1730879, ""makespan"": 11830732}]"
case_074,373905,1682239,353142,ccomp_h,True,16,0,,"[{""rule"": ""ck04_h"", ""est"": 329948, ""makespan"": 381807}, {""rule"": ""ck02_h"", ""est"": 331260, ""makespan"": 411172}, {""rule"": ""ccomp_h"", ""est"": 332560, ""makespan"": 353142}, {""rule"": ""ck07_h"", ""est"": 332560, ""makespan"": 359600}, {""rule"": ""ck01"", ""est"": 335926, ""makespan"": 477069}, {""rule"": ""ck02"", ""est"": 336121, ""makespan"": 411827}, {""rule"": ""ck04"", ""est"": 336381, ""makespan"": 365746}, {""rule"": ""ck01_h"", ""est"": 339217, ""makespan"": 529409}, {""rule"": ""ck07"", ""est"": 343592, ""makespan"": 374701}, {""rule"": ""clpt_g_h"", ""est"": 361298, ""makespan"": 3050012}, {""rule"": ""clpt_g"", ""est"": 367100, ""makespan"": 3068886}, {""rule"": ""ccomp"", ""est"": 367602, ""makespan"": 392190}, {""rule"": ""mk02_h"", ""est"": 409819, ""makespan"": 2026513}, {""rule"": ""cwhole_h"", ""est"": 433415, ""makespan"": 2050980}, {""rule"": ""mk02"", ""est"": 447161, ""makespan"": 1881443}, {""rule"": ""cwhole"", ""est"": 474271, ""makespan"": 1821965}]"
case_075,1073002,1441809,1450974,clpt_g,False,5,0,,"[{""rule"": ""cwhole"", ""est"": 431180, ""makespan"": 2925047}, {""rule"": ""cwhole_h"", ""est"": 434272, ""makespan"": 1939350}, {""rule"": ""mk02_h"", ""est"": 846820, ""makespan"": 1901802}, {""rule"": ""mk02"", ""est"": 945582, ""makespan"": 2773323}, {""rule"": ""clpt_g"", ""est"": 1103432, ""makespan"": 1450974}]"
case_076,1343756,6185113,1343060,ccomp,True,4,0,,"[{""rule"": ""ccomp_h"", ""est"": 1228900, ""makespan"": 1343579}, {""rule"": ""ccomp"", ""est"": 1229680, ""makespan"": 1343060}, {""rule"": ""clpt_g_h"", ""est"": 1517880, ""makespan"": 10763498}, {""rule"": ""clpt_g"", ""est"": 1518616, ""makespan"": 9217747}]"
case_077,132816,495320,115410,ccomp,True,16,0,,"[{""rule"": ""ccomp_h"", ""est"": 92705, ""makespan"": 125289}, {""rule"": ""ccomp"", ""est"": 98249, ""makespan"": 115410}, {""rule"": ""ck07"", ""est"": 98733, ""makespan"": 254849}, {""rule"": ""ck07_h"", ""est"": 99511, ""makespan"": 249749}, {""rule"": ""ck04_h"", ""est"": 100812, ""makespan"": 252255}, {""rule"": ""ck02_h"", ""est"": 101464, ""makespan"": 217909}, {""rule"": ""clpt_g_h"", ""est"": 105241, ""makespan"": 284924}, {""rule"": ""ck01"", ""est"": 109712, ""makespan"": 330041}, {""rule"": ""clpt_g"", ""est"": 109930, ""makespan"": 280099}, {""rule"": ""ck01_h"", ""est"": 121667, ""makespan"": 317364}, {""rule"": ""ck02"", ""est"": 155682, ""makespan"": 266151}, {""rule"": ""ck04"", ""est"": 157505, ""makespan"": 246902}, {""rule"": ""mk02_h"", ""est"": 175928, ""makespan"": 1465385}, {""rule"": ""cwhole_h"", ""est"": 178406, ""makespan"": 1111771}, {""rule"": ""mk02"", ""est"": 199352, ""makespan"": 1535225}, {""rule"": ""cwhole"", ""est"": 204657, ""makespan"": 1227699}]"
case_078,620100,2296143,620100,clpt_g,False,9,0,,"[{""rule"": ""cwhole_h"", ""est"": 423660, ""makespan"": 2391072}, {""rule"": ""cwhole"", ""est"": 426244, ""makespan"": 2443829}, {""rule"": ""ck01"", ""est"": 499756, ""makespan"": 1541665}, {""rule"": ""clpt_g"", ""est"": 509672, ""makespan"": 620100}, {""rule"": ""ck02"", ""est"": 536012, ""makespan"": 1131827}, {""rule"": ""ck01_h"", ""est"": 702412, ""makespan"": 1623905}, {""rule"": ""ck02_h"", ""est"": 738668, ""makespan"": 1888923}, {""rule"": ""mk02_h"", ""est"": 1337348, ""makespan"": 2246562}, {""rule"": ""mk02"", ""est"": 1350848, ""makespan"": 2169061}]"
case_079,6063684,31052251,6063684,ccomp,False,4,0,,"[{""rule"": ""ccomp"", ""est"": 5931544, ""makespan"": 6063684}, {""rule"": ""clpt_g"", ""est"": 6075596, ""makespan"": 25498433}, {""rule"": ""clpt_g_h"", ""est"": 6075596, ""makespan"": 32721956}, {""rule"": ""mk02_h"", ""est"": 6836924, ""makespan"": 14385093}]"
case_080,119170,292138,119170,ccomp,False,11,0,,"[{""rule"": ""ck02"", ""est"": 60234, ""makespan"": 159719}, {""rule"": ""ck01"", ""est"": 61434, ""makespan"": 147007}, {""rule"": ""ck01_h"", ""est"": 61434, ""makespan"": 141461}, {""rule"": ""ck02_h"", ""est"": 63660, ""makespan"": 168432}, {""rule"": ""ccomp"", ""est"": 64632, ""makespan"": 119170}, {""rule"": ""clpt_g"", ""est"": 69216, ""makespan"": 490346}, {""rule"": ""clpt_g_h"", ""est"": 69216, ""makespan"": 588781}, {""rule"": ""mk02"", ""est"": 85342, ""makespan"": 307738}, {""rule"": ""mk02_h"", ""est"": 86294, ""makespan"": 309162}, {""rule"": ""cwhole"", ""est"": 94920, ""makespan"": 351954}, {""rule"": ""cwhole_h"", ""est"": 95968, ""makespan"": 393552}]"
case_081,30943,151795,42111,ccomp,False,5,0,,"[{""rule"": ""ccomp"", ""est"": 32045, ""makespan"": 42111}, {""rule"": ""clpt_g"", ""est"": 42245, ""makespan"": 153369}, {""rule"": ""clpt_g_h"", ""est"": 42245, ""makespan"": 69379}, {""rule"": ""cwhole"", ""est"": 71145, ""makespan"": 624158}, {""rule"": ""cwhole_h"", ""est"": 71171, ""makespan"": 483120}]"
case_082,622801,721041,722692,ck07_h,False,16,0,,"[{""rule"": ""cwhole_h"", ""est"": 232496, ""makespan"": 1099708}, {""rule"": ""cwhole"", ""est"": 266430, ""makespan"": 1330008}, {""rule"": ""mk02_h"", ""est"": 360078, ""makespan"": 1049140}, {""rule"": ""mk04_h"", ""est"": 363222, ""makespan"": 1054378}, {""rule"": ""mk02"", ""est"": 363766, ""makespan"": 1237494}, {""rule"": ""mk04"", ""est"": 366822, ""makespan"": 1230938}, {""rule"": ""clpt_g"", ""est"": 567640, ""makespan"": 725695}, {""rule"": ""clpt_g_h"", ""est"": 567640, ""makespan"": 723635}, {""rule"": ""ck07"", ""est"": 568725, ""makespan"": 723265}, {""rule"": ""ck07_h"", ""est"": 568725, ""makespan"": 722692}, {""rule"": ""ck02_h"", ""est"": 569626, ""makespan"": 734250}, {""rule"": ""ck04"", ""est"": 570058, ""makespan"": 727849}, {""rule"": ""ck01"", ""est"": 570099, ""makespan"": 724445}, {""rule"": ""ck04_h"", ""est"": 570142, ""makespan"": 729210}, {""rule"": ""ck02"", ""est"": 570526, ""makespan"": 735022}, {""rule"": ""ck01_h"", ""est"": 570999, ""makespan"": 726257}]"
case_083,405880,1057993,542671,clpt_g,False,3,0,,"[{""rule"": ""clpt_g"", ""est"": 183792, ""makespan"": 542671}, {""rule"": ""cwhole_h"", ""est"": 248127, ""makespan"": 2566865}, {""rule"": ""cwhole"", ""est"": 263261, ""makespan"": 2585424}]"
case_084,503472,2507412,692360,clpt_g,False,3,0,,"[{""rule"": ""clpt_g"", ""est"": 275616, ""makespan"": 692360}, {""rule"": ""cwhole_h"", ""est"": 480260, ""makespan"": 5456446}, {""rule"": ""cwhole"", ""est"": 488516, ""makespan"": 3472434}]"
case_085,2514429,3187899,4847073,mk02_h,False,4,0,,"[{""rule"": ""cwhole_h"", ""est"": 1068654, ""makespan"": 5016186}, {""rule"": ""cwhole"", ""est"": 1119898, ""makespan"": 6190462}, {""rule"": ""mk02"", ""est"": 1388328, ""makespan"": 5797160}, {""rule"": ""mk02_h"", ""est"": 1458213, ""makespan"": 4847073}]"
case_086,91165,118403,118508,ck04,False,14,0,,"[{""rule"": ""clpt_g"", ""est"": 79992, ""makespan"": 122831}, {""rule"": ""clpt_g_h"", ""est"": 79992, ""makespan"": 120581}, {""rule"": ""ck01_h"", ""est"": 80518, ""makespan"": 118901}, {""rule"": ""ck04"", ""est"": 81912, ""makespan"": 118508}, {""rule"": ""ck04_h"", ""est"": 81912, ""makespan"": 118999}, {""rule"": ""ck01"", ""est"": 82318, ""makespan"": 120759}, {""rule"": ""ck07_h"", ""est"": 82763, ""makespan"": 121091}, {""rule"": ""ck07"", ""est"": 83663, ""makespan"": 120868}, {""rule"": ""ck02"", ""est"": 83898, ""makespan"": 121838}, {""rule"": ""ck02_h"", ""est"": 83898, ""makespan"": 122214}, {""rule"": ""cwhole_h"", ""est"": 112328, ""makespan"": 807025}, {""rule"": ""mk02_h"", ""est"": 113621, ""makespan"": 1299294}, {""rule"": ""cwhole"", ""est"": 148764, ""makespan"": 1138797}, {""rule"": ""mk02"", ""est"": 164589, ""makespan"": 1498670}]"
case_087,891942,3974071,897903,ccomp_h,False,4,0,,"[{""rule"": ""ccomp_h"", ""est"": 728000, ""makespan"": 897903}, {""rule"": ""ck07_h"", ""est"": 741916, ""makespan"": 2054078}, {""rule"": ""ck04_h"", ""est"": 754338, ""makespan"": 2040607}, {""rule"": ""ck02_h"", ""est"": 781272, ""makespan"": 1999195}]"
case_088,161354,243623,202719,ck07_h,False,16,0,,"[{""rule"": ""cwhole_h"", ""est"": 104094, ""makespan"": 750574}, {""rule"": ""cwhole"", ""est"": 142629, ""makespan"": 966939}, {""rule"": ""clpt_g"", ""est"": 156449, ""makespan"": 224712}, {""rule"": ""ck07_h"", ""est"": 156680, ""makespan"": 202719}, {""rule"": ""clpt_g_h"", ""est"": 156797, ""makespan"": 217260}, {""rule"": ""mk02_h"", ""est"": 157204, ""makespan"": 894297}, {""rule"": ""ccomp"", ""est"": 157340, ""makespan"": 205176}, {""rule"": ""ccomp_h"", ""est"": 157340, ""makespan"": 204523}, {""rule"": ""ck07"", ""est"": 157480, ""makespan"": 203403}, {""rule"": ""ck01_h"", ""est"": 158037, ""makespan"": 220882}, {""rule"": ""ck04"", ""est"": 158121, ""makespan"": 216738}, {""rule"": ""ck04_h"", ""est"": 158121, ""makespan"": 213816}, {""rule"": ""ck02"", ""est"": 158693, ""makespan"": 216041}, {""rule"": ""ck02_h"", ""est"": 158693, ""makespan"": 218804}, {""rule"": ""ck01"", ""est"": 160263, ""makespan"": 216964}, {""rule"": ""mk02"", ""est"": 170073, ""makespan"": 933221}]"
case_089,147432,693092,210236,clpt_g,False,5,0,,"[{""rule"": ""clpt_g"", ""est"": 118624, ""makespan"": 210236}, {""rule"": ""mk02"", ""est"": 168416, ""makespan"": 2099756}, {""rule"": ""mk02_h"", ""est"": 168416, ""makespan"": 619918}, {""rule"": ""cwhole"", ""est"": 169216, ""makespan"": 2083917}, {""rule"": ""cwhole_h"", ""est"": 169216, ""makespan"": 700992}]"
case_090,522053,1178363,522053,clpt_g,False,9,0,,"[{""rule"": ""ck01_h"", ""est"": 181168, ""makespan"": 567076}, {""rule"": ""clpt_g"", ""est"": 194268, ""makespan"": 522053}, {""rule"": ""cwhole_h"", ""est"": 222266, ""makespan"": 1614510}, {""rule"": ""cwhole"", ""est"": 226614, ""makespan"": 1654868}, {""rule"": ""ck01"", ""est"": 246024, ""makespan"": 655766}, {""rule"": ""mk02"", ""est"": 565914, ""makespan"": 1079447}, {""rule"": ""mk04"", ""est"": 567714, ""makespan"": 1094120}, {""rule"": ""mk04_h"", ""est"": 576882, ""makespan"": 1087437}, {""rule"": ""mk02_h"", ""est"": 579350, ""makespan"": 1060332}]"
case_091,2015394,9186769,2015394,ccomp,False,4,0,,"[{""rule"": ""ccomp"", ""est"": 1812451, ""makespan"": 2015394}, {""rule"": ""ccomp_h"", ""est"": 1812451, ""makespan"": 2015878}, {""rule"": ""clpt_g_h"", ""est"": 2093832, ""makespan"": 10280180}, {""rule"": ""clpt_g"", ""est"": 2093858, ""makespan"": 10774434}]"
case_092,1714518,4815554,2438012,clpt_g,False,3,0,,"[{""rule"": ""clpt_g"", ""est"": 761424, ""makespan"": 2438012}, {""rule"": ""cwhole_h"", ""est"": 1132799, ""makespan"": 12527106}, {""rule"": ""cwhole"", ""est"": 1204900, ""makespan"": 11658524}]"
case_093,16941,74205,28635,ccomp,False,5,0,,"[{""rule"": ""ccomp"", ""est"": 16408, ""makespan"": 28635}, {""rule"": ""clpt_g"", ""est"": 20608, ""makespan"": 135292}, {""rule"": ""clpt_g_h"", ""est"": 20608, ""makespan"": 131141}, {""rule"": ""cwhole_h"", ""est"": 27632, ""makespan"": 153562}, {""rule"": ""cwhole"", ""est"": 29448, ""makespan"": 165310}]"
case_094,33565,94892,28195,ccomp_h,True,16,0,,"[{""rule"": ""ccomp_h"", ""est"": 19700, ""makespan"": 28195}, {""rule"": ""ck04"", ""est"": 20345, ""makespan"": 49899}, {""rule"": ""ck04_h"", ""est"": 20348, ""makespan"": 47750}, {""rule"": ""ck02_h"", ""est"": 20380, ""makespan"": 69123}, {""rule"": ""ck02"", ""est"": 20979, ""makespan"": 53628}, {""rule"": ""clpt_g_h"", ""est"": 21121, ""makespan"": 70565}, {""rule"": ""clpt_g"", ""est"": 21348, ""makespan"": 90800}, {""rule"": ""ccomp"", ""est"": 21348, ""makespan"": 29300}, {""rule"": ""ck01_h"", ""est"": 21617, ""makespan"": 91946}, {""rule"": ""ck01"", ""est"": 21848, ""makespan"": 94858}, {""rule"": ""mk04_h"", ""est"": 26010, ""makespan"": 125077}, {""rule"": ""mk02_h"", ""est"": 26158, ""makespan"": 136867}, {""rule"": ""mk04"", ""est"": 27914, ""makespan"": 151085}, {""rule"": ""cwhole_h"", ""est"": 29112, ""makespan"": 151684}, {""rule"": ""cwhole"", ""est"": 33463, ""makespan"": 165090}, {""rule"": ""mk02"", ""est"": 34604, ""makespan"": 160019}]"
case_095,420852,2084853,571574,clpt_g,False,3,0,,"[{""rule"": ""clpt_g"", ""est"": 224688, ""makespan"": 571574}, {""rule"": ""cwhole_h"", ""est"": 385978, ""makespan"": 3251249}, {""rule"": ""cwhole"", ""est"": 396426, ""makespan"": 2453002}]"
case_096,26958,84194,26917,ccomp_h,True,18,0,,"[{""rule"": ""ck02"", ""est"": 21851, ""makespan"": 68166}, {""rule"": ""ck04"", ""est"": 22457, ""makespan"": 51239}, {""rule"": ""ck07_h"", ""est"": 22582, ""makespan"": 42023}, {""rule"": ""ck01_h"", ""est"": 22987, ""makespan"": 58199}, {""rule"": ""ck01"", ""est"": 22990, ""makespan"": 78605}, {""rule"": ""clpt_g_h"", ""est"": 23900, ""makespan"": 77232}, {""rule"": ""ck02_h"", ""est"": 24109, ""makespan"": 55006}, {""rule"": ""ck07"", ""est"": 24157, ""makespan"": 54830}, {""rule"": ""ck04_h"", ""est"": 24299, ""makespan"": 52002}, {""rule"": ""clpt_g"", ""est"": 26282, ""makespan"": 79555}, {""rule"": ""ccomp"", ""est"": 26807, ""makespan"": 26958}, {""rule"": ""ccomp_h"", ""est"": 26807, ""makespan"": 26917}, {""rule"": ""mk04_h"", ""est"": 26919, ""makespan"": 158522}, {""rule"": ""mk02_h"", ""est"": 27639, ""makespan"": 152226}, {""rule"": ""cwhole_h"", ""est"": 27698, ""makespan"": 147772}, {""rule"": ""mk02"", ""est"": 30813, ""makespan"": 161533}, {""rule"": ""cwhole"", ""est"": 31806, ""makespan"": 187108}, {""rule"": ""mk04"", ""est"": 33186, ""makespan"": 152301}]"
case_097,2123528,11491509,2123528,ccomp,False,5,0,,"[{""rule"": ""ccomp"", ""est"": 2094196, ""makespan"": 2123528}, {""rule"": ""clpt_g"", ""est"": 2128536, ""makespan"": 15578165}, {""rule"": ""clpt_g_h"", ""est"": 2128536, ""makespan"": 15570854}, {""rule"": ""mk02_h"", ""est"": 2395030, ""makespan"": 10731029}, {""rule"": ""cwhole_h"", ""est"": 2460410, ""makespan"": 7547945}]"
case_098,89963,177430,89696,ck07_h,True,16,0,,"[{""rule"": ""mk02_h"", ""est"": 45507, ""makespan"": 233200}, {""rule"": ""cwhole_h"", ""est"": 47024, ""makespan"": 236189}, {""rule"": ""mk02"", ""est"": 48957, ""makespan"": 265328}, {""rule"": ""cwhole"", ""est"": 51641, ""makespan"": 285421}, {""rule"": ""ck01"", ""est"": 67575, ""makespan"": 158640}, {""rule"": ""ck01_h"", ""est"": 69375, ""makespan"": 149198}, {""rule"": ""ck02"", ""est"": 74933, ""makespan"": 122782}, {""rule"": ""ck02_h"", ""est"": 74933, ""makespan"": 133203}, {""rule"": ""ck07_h"", ""est"": 76691, ""makespan"": 89696}, {""rule"": ""clpt_g_h"", ""est"": 77691, ""makespan"": 108746}, {""rule"": ""ck07"", ""est"": 79291, ""makespan"": 107516}, {""rule"": ""ck04_h"", ""est"": 84949, ""makespan"": 139833}, {""rule"": ""clpt_g"", ""est"": 85691, ""makespan"": 117131}, {""rule"": ""ck04"", ""est"": 86749, ""makespan"": 117497}, {""rule"": ""ccomp"", ""est"": 89307, ""makespan"": 90001}, {""rule"": ""ccomp_h"", ""est"": 89307, ""makespan"": 89963}]"
case_099,423856,1622999,421762,ccomp,True,5,0,,"[{""rule"": ""ccomp_h"", ""est"": 324104, ""makespan"": 423988}, {""rule"": ""ccomp"", ""est"": 326660, ""makespan"": 421762}, {""rule"": ""clpt_g_h"", ""est"": 375560, ""makespan"": 3538863}, {""rule"": ""clpt_g"", ""est"": 375620, ""makespan"": 3242904}, {""rule"": ""mk02_h"", ""est"": 420941, ""makespan"": 2013667}]"
case_100,57791,151223,57791,ccomp,False,18,0,,"[{""rule"": ""ck02"", ""est"": 38137, ""makespan"": 86965}, {""rule"": ""ck02_h"", ""est"": 39332, ""makespan"": 89190}, {""rule"": ""ck01"", ""est"": 42681, ""makespan"": 118955}, {""rule"": ""mk02_h"", ""est"": 46123, ""makespan"": 231015}, {""rule"": ""cwhole_h"", ""est"": 46564, ""makespan"": 241879}, {""rule"": ""mk04_h"", ""est"": 47248, ""makespan"": 229761}, {""rule"": ""ck01_h"", ""est"": 48458, ""makespan"": 107883}, {""rule"": ""clpt_g"", ""est"": 50220, ""makespan"": 80468}, {""rule"": ""clpt_g_h"", ""est"": 50220, ""makespan"": 99545}, {""rule"": ""ck04_h"", ""est"": 50694, ""makespan"": 59017}, {""rule"": ""ck07_h"", ""est"": 51241, ""makespan"": 59957}, {""rule"": ""ck07"", ""est"": 53020, ""makespan"": 77675}, {""rule"": ""cwhole"", ""est"": 54709, ""makespan"": 255475}, {""rule"": ""ck04"", ""est"": 56094, ""makespan"": 103514}, {""rule"": ""ccomp"", ""est"": 57225, ""makespan"": 57791}, {""rule"": ""ccomp_h"", ""est"": 57225, ""makespan"": 57848}, {""rule"": ""mk02"", ""est"": 59021, ""makespan"": 270852}, {""rule"": ""mk04"", ""est"": 80500, ""makespan"": 219029}]"
