case,num_cores,graph_class,selected_rule,baseline_makespan,problem1_makespan,speedup,baseline_added_copy_bytes,problem1_added_copy_bytes,problem1_spill_added_copy_bytes,num_blocks,evaluated_candidates,rejected_candidates,selection,changed_vs_current,error
case_001,5,wide_shallow,continuous,233110,47502,4.9073723211654245,0,4608,0,5,0,0,existing_incumbent,False,
case_002,5,high_spill_risk,wave,261945,259045,1.0111949661255766,0,5200896,0,5,4,0,best_official_sweep_candidate,True,
case_003,5,high_spill_risk,components,602212,539607,1.1160196216876357,0,786432,0,10,4,0,best_official_sweep_candidate,False,
case_004,5,wide_shallow,components,392357,247003,1.5884705853775056,0,12165120,0,111,0,0,existing_incumbent,False,
case_005,5,mixed,single,95618,95618,1.0,0,0,0,1,4,0,best_official_sweep_candidate,False,
case_006,5,wide_shallow,components,82837,31348,2.6424971290034454,16400,91264,0,27,0,0,existing_incumbent,False,
case_007,5,wide_shallow,continuous,1012562,203834,4.967581463347626,0,110592,0,5,0,0,existing_incumbent,False,
case_008,5,high_spill_risk,components,487605,134736,3.618965977912362,0,0,0,108,0,0,existing_incumbent,False,
case_009,5,mixed,components,153261,92225,1.6618162103551097,0,172032,0,25,0,0,existing_incumbent,False,
case_010,5,mixed,components,86969,29770,2.9213637890493787,0,362880,0,36,0,0,existing_incumbent,False,
case_011,5,wide_shallow,components,184697,49484,3.7324589766389136,0,1622016,0,16,0,0,existing_incumbent,False,
case_012,5,wide_shallow,components,59088,19307,3.060444398404724,0,101376,0,50,0,0,existing_incumbent,False,
case_013,5,high_spill_risk,components,263949,102984,2.563009787928222,0,2007040,0,246,0,0,existing_incumbent,False,
case_014,5,high_spill_risk,components,17698626,3868929,4.574554353414085,71010720,165905592,0,1340,0,0,existing_incumbent,False,
case_015,5,high_spill_risk,components,177362,50107,3.5396651166503683,180256,901632,0,46,0,0,existing_incumbent,False,
case_016,5,deep_narrow,single,7715523,7715523,1.0,0,0,0,1,0,0,existing_incumbent,False,
case_017,5,wide_shallow,components,162810,41966,3.8795691750464663,22528,588672,0,60,0,0,existing_incumbent,False,
case_018,5,high_spill_risk,components,1004367,220293,4.559232476746878,1970176,10104576,0,126,0,0,existing_incumbent,False,
case_019,5,mixed,components,81144,24134,3.362227562774509,0,256128,0,31,0,0,existing_incumbent,False,
case_020,5,high_spill_risk,components,532746,134535,3.959906344074033,0,0,0,288,0,0,existing_incumbent,False,
case_021,5,high_spill_risk,components,6567937,1283116,5.11873984893026,4501504,18124800,0,80,0,0,existing_incumbent,False,
case_022,5,wide_shallow,components,56780,13373,4.245868541090257,0,27648,0,32,0,0,existing_incumbent,False,
case_023,5,wide_shallow,components,122614,29274,4.188494910159186,0,429024,0,43,0,0,existing_incumbent,False,
case_024,5,deep_narrow,single,2555343,2555343,1.0,0,0,0,1,0,0,existing_incumbent,False,
case_025,5,high_spill_risk,components,4863026,1757768,2.7665914955784836,0,73681920,0,2666,0,0,existing_incumbent,False,
case_026,5,mixed,components,99203,42758,2.3201038402170355,0,217872,0,31,0,0,existing_incumbent,False,
case_027,5,high_spill_risk,components,2363952,565244,4.182179731231114,1400832,5529600,0,16,0,0,existing_incumbent,False,
case_028,5,high_spill_risk,components,43836040,10194624,4.299917289740161,277412256,326568960,0,153,0,0,existing_incumbent,False,
case_029,5,high_spill_risk,components,37555,11787,3.1861372698735897,0,0,0,21,0,0,existing_incumbent,False,
case_030,5,high_spill_risk,components,2808034,616404,4.555509049259901,5519360,26935296,0,486,0,0,existing_incumbent,False,
case_031,5,high_spill_risk,components,1414369,319697,4.42409218728984,3491328,13281792,0,107,0,0,existing_incumbent,False,
case_032,5,wide_shallow,components,41443,13084,3.1674564353408745,0,55440,0,25,0,0,existing_incumbent,False,
case_033,5,high_spill_risk,components,1774196,400450,4.430505681108753,4592640,12826272,0,95,0,0,existing_incumbent,False,
case_034,5,high_spill_risk,components,842996,207267,4.067198348024529,1079832,6690304,0,155,0,0,existing_incumbent,False,
case_035,5,mixed,components,169571,95460,1.7763565891472868,0,9216,0,16,0,0,existing_incumbent,False,
case_036,5,high_spill_risk,components,931510,352860,2.6398855069999434,0,920448,0,800,0,0,existing_incumbent,False,
case_037,5,wide_shallow,continuous,210001,43013,4.882268151489085,0,1310720,0,5,0,0,existing_incumbent,False,
case_038,5,high_spill_risk,components,1364555,322765,4.227704366954286,5627904,15659520,0,130,0,0,existing_incumbent,False,
case_039,5,high_spill_risk,components,1435262,562938,2.54959160689099,7929856,28483584,0,70,0,0,existing_incumbent,False,
case_040,5,mixed,components,253454,110337,2.2970898248094476,0,316416,0,28,0,0,existing_incumbent,False,
case_041,5,high_spill_risk,components,6003957,1252937,4.791906536402069,30898176,64760832,0,494,0,0,existing_incumbent,False,
case_042,5,high_spill_risk,components,1686740,398134,4.236613803392827,6629376,17044896,0,104,0,0,existing_incumbent,False,
case_043,5,high_spill_risk,components,677656,269230,2.517015191471976,49160,2257920,0,38,0,0,existing_incumbent,False,
case_044,5,deep_narrow,single,154407,154407,1.0,4438112,4438112,4438112,1,0,0,existing_incumbent,False,
case_045,5,high_spill_risk,components,125614,35703,3.5183037839957425,0,0,0,68,0,0,existing_incumbent,False,
case_046,5,deep_narrow,single,276455,276455,1.0,3176288,3176288,3176288,1,0,0,existing_incumbent,False,
case_047,5,mixed,single,326508,326508,1.0,0,0,0,1,4,0,best_official_sweep_candidate,False,
case_048,5,deep_narrow,single,222220,222220,1.0,0,0,0,1,0,0,existing_incumbent,False,
case_049,5,mixed,components,196276,160260,1.224734805940347,0,0,0,11,0,0,existing_incumbent,False,
case_050,5,mixed,components,149690,108160,1.3839681952662721,0,38016,0,23,0,0,existing_incumbent,False,
case_051,5,deep_narrow,single,607628,607628,1.0,0,0,0,1,0,0,existing_incumbent,False,
case_052,5,wide_shallow,components,180301,51333,3.512379950519159,0,854016,0,52,0,0,existing_incumbent,False,
case_053,5,high_spill_risk,components,1472686,492699,2.9890176355137723,5405536,11271680,0,39,0,0,existing_incumbent,False,
case_054,5,high_spill_risk,components,815051,518133,1.5730536368075378,0,1130496,0,24,0,0,existing_incumbent,False,
case_055,5,wide_shallow,components,118835,30887,3.8474115323598923,69632,247808,0,24,0,0,existing_incumbent,False,
case_056,5,mixed,components,277285,265764,1.0433504914134344,0,0,0,19,4,0,best_official_sweep_candidate,False,
case_057,5,high_spill_risk,components,59726,17205,3.471432723045626,94216,70272,0,21,0,0,existing_incumbent,False,
case_058,5,high_spill_risk,components,4539717,1784441,2.5440555333575054,28696576,96780288,0,255,0,0,existing_incumbent,False,
case_059,5,high_spill_risk,components,829473,163124,5.084923125965523,1691648,7569408,0,64,0,0,existing_incumbent,False,
case_060,5,high_spill_risk,components,888789,203037,4.37747307141063,2068520,8109056,8192,89,0,0,existing_incumbent,False,
case_061,5,wide_shallow,components,77191,24673,3.128561585538848,0,278016,0,40,0,0,existing_incumbent,False,
case_062,5,high_spill_risk,wave,2854809,2780149,1.0268546757745718,0,56954880,0,5,4,0,best_official_sweep_candidate,True,
case_063,5,high_spill_risk,wave,1070397,1045141,1.024165160490307,0,21338112,0,5,4,0,best_official_sweep_candidate,True,
case_064,5,deep_narrow,single,19116,19116,1.0,0,0,0,1,0,0,existing_incumbent,False,
case_065,5,wide_shallow,components,53068,14836,3.576974925856026,0,111600,0,42,0,0,existing_incumbent,False,
case_066,5,mixed,components,359070,249724,1.4378674056157998,0,91200,0,28,0,0,existing_incumbent,False,
case_067,5,high_spill_risk,components,63834834,15967384,3.997826694717181,264449408,260512000,0,71,0,0,existing_incumbent,False,
case_068,5,high_spill_risk,components,362095,303479,1.1931468075221021,0,5184,0,32,4,0,best_official_sweep_candidate,False,
case_069,5,wide_shallow,single,25144,25144,1.0,0,0,0,1,0,0,existing_incumbent,False,
case_070,5,wide_shallow,components,117300,37044,3.166504697116942,0,1005056,0,38,0,0,existing_incumbent,False,
case_071,5,wide_shallow,single,18919,18919,1.0,0,0,0,1,0,0,existing_incumbent,False,
case_072,5,high_spill_risk,components,23897828,4876282,4.900829771534952,108613680,175833776,0,476,0,0,existing_incumbent,False,
case_073,5,high_spill_risk,components,10081626,3539849,2.8480384332778037,141570432,141420800,0,39,0,0,existing_incumbent,False,
case_074,5,high_spill_risk,components,1682239,373905,4.499108062208315,6070280,14401536,0,73,0,0,existing_incumbent,False,
case_075,5,high_spill_risk,single,1441809,1441809,1.0,0,0,0,1,4,0,best_official_sweep_candidate,False,
case_076,5,high_spill_risk,components,6185113,1343756,4.602854238418284,28280832,74277888,0,809,0,0,existing_incumbent,False,
case_077,5,high_spill_risk,components,495320,132816,3.729369955427057,0,1146880,0,41,0,0,existing_incumbent,False,
case_078,5,high_spill_risk,components,2296143,620100,3.7028592162554426,12644568,15039360,0,8,0,0,existing_incumbent,False,
case_079,5,high_spill_risk,components,31052251,6063684,5.121020653450938,32448512,91508736,0,288,0,0,existing_incumbent,False,
case_080,5,high_spill_risk,components,292138,119170,2.45143912058404,548864,4952064,0,18,0,0,existing_incumbent,False,
case_081,5,high_spill_risk,components,151795,42111,3.6046401177839518,0,0,0,85,0,0,existing_incumbent,False,
case_082,5,mixed,continuous,721041,715556,1.0076653679097094,0,601748,0,5,4,0,best_official_sweep_candidate,True,
case_083,5,high_spill_risk,components,1057993,542671,1.949602982285768,13934688,27912000,0,31,0,0,existing_incumbent,False,
case_084,5,high_spill_risk,components,2507412,692360,3.621543705586689,0,0,0,1077,0,0,existing_incumbent,False,
case_085,5,high_spill_risk,continuous,3187899,3179494,1.0026435023937772,0,852760,0,5,4,0,best_official_sweep_candidate,True,
case_086,5,mixed,single,118403,118403,1.0,0,0,0,1,4,0,best_official_sweep_candidate,False,
case_087,5,high_spill_risk,components,3974071,891942,4.455526256191546,7902720,25367040,0,196,0,0,existing_incumbent,False,
case_088,5,high_spill_risk,components,243623,205176,1.1873854641868444,0,221184,0,31,4,0,best_official_sweep_candidate,False,
case_089,5,mixed,components,693092,210236,3.2967331950760097,0,9310080,0,40,0,0,existing_incumbent,False,
case_090,5,high_spill_risk,components,1178363,522053,2.2571712067548697,21233592,25781760,0,13,0,0,existing_incumbent,False,
case_091,5,high_spill_risk,components,9186769,2015394,4.558299270514847,53947008,111883264,0,513,0,0,existing_incumbent,False,
case_092,5,high_spill_risk,components,4815554,2438012,1.975197004772741,66000096,131186400,0,142,0,0,existing_incumbent,False,
case_093,5,wide_shallow,components,74205,28635,2.5914091147197484,0,557056,0,69,0,0,existing_incumbent,False,
case_094,5,wide_shallow,components,94892,33565,2.82711157455683,0,688032,0,40,0,0,existing_incumbent,False,
case_095,5,high_spill_risk,components,2084853,571574,3.647564444848786,0,0,0,462,0,0,existing_incumbent,False,
case_096,5,mixed,components,84194,26958,3.1231545366866977,0,661824,0,50,0,0,existing_incumbent,False,
case_097,5,high_spill_risk,components,11491509,2123528,5.411517531202791,10584064,29818880,0,64,0,0,existing_incumbent,False,
case_098,5,mixed,components,177430,89963,1.9722552604959818,0,0,0,27,0,0,existing_incumbent,False,
case_099,5,high_spill_risk,components,1622999,423856,3.829128288852818,5484544,21626880,0,202,0,0,existing_incumbent,False,
case_100,5,wide_shallow,components,151223,57791,2.616722327005935,0,534528,0,43,0,0,existing_incumbent,False,
