case,type,n_ops,W,CP,CP/W,baseline_makespan,problem1_makespan,speedup,S_ub,headroom,ratio,S_ub_naive,T_lb_pipe,busiest_pipe,busiest_share,violates_naive,share_PIPE_M,share_PIPE_V,share_PIPE_MTE2,share_PIPE_MTE3
case_001,wide_shallow,1001,263200,1316,0.005,233110.0,47502.0,4.9073723211654245,5.006658075601375,0.09928575443595022,0.980169256031325,4.428381458966565,46560.0,PIPE_M,0.8844984802431611,True,0.8844984802431611,0.11550151975683891,0.0,0.0
case_002,high_spill_risk,2197,275928,2976,0.010785422284074106,261945.0,56191.0,4.661689594419035,5.4571875,0.795497905580965,0.8542293249808688,4.746618683134731,48000.0,PIPE_M,0.8697921196833956,False,0.8697921196833956,0.13020788031660432,0.0,0.0
case_003,high_spill_risk,13670,763981,28285,0.03702317204223665,602212.0,539607.0,1.1160196216876357,6.862157924483583,5.746138302795947,0.16263391690619283,3.941276026498041,87758.4,PIPE_M,0.5743493620914656,False,0.5743493620914656,0.42565063790853436,0.0,0.0
case_004,wide_shallow,1002,433566,2748,0.006338135370393435,392357.0,90327.0,4.343739967008757,5.087431991577069,0.7436920245683121,0.853817795343585,4.524766702186057,77122.8,PIPE_M,0.8894009216589862,False,0.8894009216589862,0.11059907834101383,0.0,0.0
case_005,mixed,4209,124812,6894,0.055235073550620135,95618.0,74097.0,1.2904436077034158,7.4839547916471,6.193511183943684,0.17242803352362443,3.830481043489408,12776.4,PIPE_M,0.5118257859821171,False,0.5118257859821171,0.4881742140178829,0.0,0.0
case_006,wide_shallow,851,87660,2836,0.032352270134611,82837.0,31348.0,2.6424971290034454,6.00268115942029,3.360184030416845,0.4402194717366339,4.724903034451289,13800.0,PIPE_V,0.7871321013004792,False,0.21286789869952089,0.7871321013004792,0.0,0.0
case_007,wide_shallow,4998,1232100,1632,0.0013245678110542975,1012562.0,203834.0,4.967581463347626,5.171303957018242,0.20372249367061634,0.9606051983476751,4.109090171252333,195804.0,PIPE_M,0.7945945945945946,True,0.7945945945945946,0.20540540540540542,0.0,0.0
case_008,high_spill_risk,1404,487296,4512,0.009259259259259259,487605.0,100603.0,4.846823653370178,9.747109479946268,4.90028582657609,0.497257537051579,5.0031705575256105,50025.6,PIPE_M,0.5132978723404256,False,0.5132978723404256,0.4867021276595745,0.0,0.0
case_009,mixed,6058,185152,9965,0.053820644659522986,153261.0,89919.0,1.7044339905915324,6.3863007533835585,4.681866762792026,0.26688908906905107,4.138788670929831,23998.4,PIPE_V,0.6480729346698928,False,0.35192706533010715,0.6480729346698928,0.0,0.0
case_010,mixed,796,100106,3146,0.03142668771102631,86969.0,29770.0,2.9213637890493787,7.8356097736773815,4.914245984628003,0.37283170977494123,4.343845523744831,11099.2,PIPE_V,0.5543723652927897,False,0.44562763470721034,0.5543723652927897,0.0,0.0
case_011,wide_shallow,880,209984,2120,0.010096007314843036,184697.0,49484.0,3.7324589766389136,5.006749869882027,1.2742908932431134,0.7454854094252686,4.3978826958244435,36889.6,PIPE_M,0.8783907345321549,False,0.8783907345321549,0.12160926546784517,0.0,0.0
case_012,wide_shallow,1304,67809,2506,0.03695674615464024,59088.0,19307.0,3.060444398404724,8.305408748453841,5.244964350049117,0.3684881131195939,4.356943768526302,7114.4,PIPE_M,0.5245911309708151,False,0.5245911309708151,0.47540886902918494,0.0,0.0
case_013,high_spill_risk,3202,307008,400,0.001302897644361059,263949.0,55202.0,4.781511539436977,5.004493538405534,0.22298199896855664,0.9554436433462555,4.298731629143215,52742.4,PIPE_M,0.8589743589743589,True,0.8589743589743589,0.14102564102564102,0.0,0.0
case_014,high_spill_risk,38666,18877172,31968,0.0016934740012963807,17698626.0,3868929.0,4.574554353414085,5.1372590612610844,0.5627047078469998,0.8904659661627288,4.68783830544109,3445149.6,PIPE_M,0.9125174046197174,False,0.9125174046197174,0.0874825953802826,0.0,0.0
case_015,high_spill_risk,1290,196477,7913,0.040274434157687666,177362.0,46571.0,3.8084215498915635,8.737302580371834,4.92888103048027,0.43588069828863457,4.51355629412094,20299.4,PIPE_V,0.5165846384055132,False,0.4834153615944869,0.5165846384055132,0.0,0.0
case_016,deep_narrow,18008,7714975,655140,0.08491796797786123,7715523.0,7701677.0,1.001797790273469,5.000355153451567,3.998557363178098,0.20034532738778837,5.000355153451567,1542995.0,PIPE_V,1.0,False,0.0,1.0,0.0,0.0
case_017,wide_shallow,1758,177802,5980,0.033632917514988585,162810.0,41966.0,3.8795691750464663,7.3603074141048825,3.4807382390584163,0.5270933612924749,4.5784074419860294,22120.0,PIPE_M,0.622040247016344,False,0.622040247016344,0.37795975298365597,0.0,0.0
case_018,high_spill_risk,3285,1084051,3539,0.0032646065544886726,1004367.0,220293.0,4.559232476746878,5.170113865667339,0.6108813889204612,0.8818437263099599,4.632471166024477,194264.0,PIPE_M,0.8960095050878603,False,0.8960095050878603,0.10399049491213974,0.0,0.0
case_019,mixed,766,88712,12234,0.1379069348002525,81144.0,24134.0,3.362227562774509,6.632663070132418,3.270435507357909,0.5069196983508742,4.573451167823969,12234,PIPE_M,0.5459915231310307,False,0.5459915231310307,0.4540084768689692,0.0,0.0
case_020,high_spill_risk,7584,532608,1824,0.003424657534246575,532746.0,108942.0,4.890180095830809,5.001295511896179,0.11111541606536957,0.9777826733491216,5.001295511896179,106521.6,PIPE_V,1.0,False,0.0,1.0,0.0,0.0
case_021,high_spill_risk,4450,6975360,5544,0.0007947976878612717,6567937.0,1283116.0,5.11873984893026,5.303566698966408,0.1848268500361483,0.9651504618444473,4.7079555750527575,1238400.0,PIPE_M,0.8876961189099918,True,0.8876961189099918,0.11230388109000826,0.0,0.0
case_022,wide_shallow,1567,58571,1986,0.03390756517730618,56780.0,13373.0,4.245868541090257,5.248950764509032,1.003082223418775,0.8088985268825245,4.847108637380273,10817.4,PIPE_V,0.9234433422683581,False,0.07655665773164194,0.9234433422683581,0.0,0.0
case_023,wide_shallow,1202,132942,4218,0.031728122038182066,122614.0,29274.0,4.188494910159186,8.813795681301935,4.625300771142749,0.47522033203525316,4.611559928389824,13911.6,PIPE_V,0.5232206526154263,False,0.4767793473845737,0.5232206526154263,0.0,0.0
case_024,deep_narrow,5972,2554795,216948,0.08491796797786123,2555343.0,2541497.0,1.0054479702317178,5.001072493096315,3.995624522864597,0.20104646985615174,5.001072493096315,510959.0,PIPE_V,1.0,False,0.0,1.0,0.0,0.0
case_025,high_spill_risk,23997,5918520,1632,0.0002757446118286328,4863026.0,983471.0,4.944757903385051,5.170325319425094,0.22556741604004316,0.956372684095413,4.1083125511107506,940564.8,PIPE_M,0.7945945945945946,True,0.7945945945945946,0.20540540540540542,0.0,0.0
case_026,mixed,769,111760,4319,0.038645311381531856,99203.0,42758.0,2.3201038402170355,7.009029504860954,4.688925664643918,0.33101641798026105,4.438215819613458,14153.6,PIPE_V,0.6332140300644238,False,0.3667859699355762,0.6332140300644238,0.0,0.0
case_027,high_spill_risk,1800,2516352,21048,0.00836448954677247,2363952.0,565244.0,4.182179731231114,5.302433247200689,1.1202535159695746,0.7887284075549674,4.697180680604303,445824.0,PIPE_M,0.8858538074164505,False,0.8858538074164505,0.11414619258354952,0.0,0.0
case_028,high_spill_risk,19944,40950144,246816,0.006027231552592343,43836040.0,10194624.0,4.299917289740161,5.623666567730457,1.323749277990296,0.7646109949714672,5.352367014875455,7794921.6,PIPE_M,0.9517575322812052,False,0.9517575322812052,0.04824246771879483,0.0,0.0
case_029,high_spill_risk,1113,37485,407,0.010857676403894892,37555.0,11787.0,3.1861372698735897,5.0093370681605975,1.8231997982870078,0.6360397047594808,5.0093370681605975,7497.0,PIPE_V,1.0,False,0.0,1.0,0.0,0.0
case_030,high_spill_risk,11248,3183302,1494,0.00046932399125185106,2808034.0,616404.0,4.555509049259901,5.056823748055091,0.5013146987951904,0.9008637192490639,4.41056802025067,555296.0,PIPE_M,0.8722012551746583,True,0.8722012551746583,0.12779874482534173,0.0,0.0
case_031,high_spill_risk,6805,1555517,13057,0.0083939937654169,1414369.0,291810.0,4.846883245947706,5.299278676829834,0.4523954308821283,0.9146307528871528,4.546298754690563,266898.4,PIPE_M,0.8579089781725304,True,0.8579089781725304,0.14209102182746958,0.0,0.0
case_032,wide_shallow,1035,44145,1146,0.02595990485898743,41443.0,13084.0,3.1674564353408745,6.095455214002059,2.9279987786611845,0.5196423112198105,4.693963076226074,6799.0,PIPE_V,0.7700758862838374,False,0.22992411371616264,0.7700758862838374,0.0,0.0
case_033,high_spill_risk,4069,1920150,6300,0.0032809936723693462,1774196.0,364699.0,4.86482277165553,5.13334814722228,0.2685253755667505,0.94769001285992,4.6199411504309555,345621.6,PIPE_M,0.899985938598547,True,0.899985938598547,0.10001406140145301,0.0,0.0
case_034,high_spill_risk,4545,944116,3677,0.0038946485389507223,842996.0,207267.0,4.067198348024529,5.626274761065727,1.5590764130411987,0.7228936589037328,4.464472585995789,149832.0,PIPE_M,0.7935041880446895,False,0.7935041880446895,0.20649581195531058,0.0,0.0
case_035,mixed,4237,206101,17200,0.0834542287519226,169571.0,95460.0,1.7763565891472868,5.891605111563558,4.115248522416271,0.30150639011104124,4.113784018515195,28781.8,PIPE_V,0.6982450352011877,False,0.30175496479881225,0.6982450352011877,0.0,0.0
case_036,high_spill_risk,4001,1052800,1316,0.00125,931510.0,187182.0,4.976493466252097,5.001664518900344,0.025171052648246928,0.9949674648203353,4.423964665653496,186240.0,PIPE_M,0.8844984802431611,True,0.8844984802431611,0.11550151975683891,0.0,0.0
case_037,wide_shallow,980,238480,904,0.0037906742703790676,210001.0,43013.0,4.882268151489085,5.009565839694656,0.1272976882055712,0.9745890777206893,4.402905904059041,41920.0,PIPE_M,0.8788996980878899,True,0.8788996980878899,0.12110030191211003,0.0,0.0
case_038,high_spill_risk,6843,1492776,8754,0.005864242190388913,1364555.0,322765.0,4.227704366954286,5.149264150943396,0.9215597839891103,0.8210307809087107,4.570528331109289,265000.0,PIPE_M,0.8876080537200491,False,0.8876080537200491,0.11239194627995092,0.0,0.0
case_039,high_spill_risk,5966,1476300,784,0.0005310573731626364,1435262.0,327297.0,4.385197542293391,5.208225680030191,0.8230281377367996,0.8419753312740418,4.861010634694845,275576.0,PIPE_M,0.9333333333333333,False,0.9333333333333333,0.06666666666666667,0.0,0.0
case_040,mixed,3381,297723,16120,0.05414428848291868,253454.0,110337.0,2.2970898248094476,6.822412799931091,4.525322975121643,0.3366975719840126,4.256540475542702,37150.2,PIPE_V,0.623905442307111,False,0.376094557692889,0.623905442307111,0.0,0.0
case_041,high_spill_risk,18149,6502990,1767,0.0002717211621115825,6003957.0,1252937.0,4.791906536402069,5.092207441936206,0.3003009055341366,0.9410273621099864,4.616304961256284,1179048.0,PIPE_M,0.9065429902244967,True,0.9065429902244967,0.09345700977550327,0.0,0.0
case_042,high_spill_risk,5345,1825102,5685,0.003114894400422552,1686740.0,398134.0,4.236613803392827,5.27410829754183,1.0374944941490032,0.8032853260460046,4.620947212813311,319815.2,PIPE_M,0.8761570586191895,False,0.8761570586191895,0.12384294138081049,0.0,0.0
case_043,high_spill_risk,9756,861593,27474,0.03188744569651796,677656.0,269230.0,2.517015191471976,6.544214218390272,4.0271990269182965,0.38461687033391523,3.932576053890874,103550.4,PIPE_M,0.6009241022153151,False,0.6009241022153151,0.3990758977846849,0.0,0.0
case_044,deep_narrow,1436,84392,7672,0.09090909090909091,154407.0,127941.0,1.2068609749806551,10.376256652868125,9.16939567788747,0.11630986157682056,9.14820125130344,14880.8,PIPE_M,0.8816475495307612,False,0.8816475495307612,0.11835245046923878,0.0,0.0
case_045,high_spill_risk,1787,125476,1824,0.014536644457904301,125614.0,27166.0,4.623941691820658,5.005499059581115,0.3815573677604567,0.9237723625119635,5.005499059581115,25095.2,PIPE_V,1.0,False,0.0,1.0,0.0,0.0
case_046,deep_narrow,1058,227648,28456,0.125,276455.0,131039.0,2.10971542823129,6.605917380333384,4.496201952102094,0.31936751654087714,6.071983940118077,41849.6,PIPE_M,0.9191734607815575,False,0.9191734607815575,0.0808265392184425,0.0,0.0
case_047,mixed,13988,413130,19990,0.048386706363614355,326508.0,320115.0,1.0199709479405838,6.294251455449744,5.27428050750916,0.16204801399497054,3.9516374990922953,51874.0,PIPE_V,0.6278169099314985,False,0.3721830900685014,0.6278169099314985,0.0,0.0
case_048,deep_narrow,1900,259596,75960,0.29260851476910277,222220.0,175324.0,1.2674819191896147,2.9254870984728805,1.6580051792832657,0.4332550021674158,2.9254870984728805,75960,PIPE_M,0.5375121342393565,False,0.5375121342393565,0.46248786576064344,0.0,0.0
case_049,mixed,4465,261179,8921,0.03415665118558536,196276.0,117701.0,1.6675814139217169,5.922095163382917,4.2545137494612,0.281586392638975,3.757499645836763,33143.0,PIPE_V,0.6344882245509784,False,0.3655117754490215,0.6344882245509784,0.0,0.0
case_050,mixed,4781,185379,6829,0.03683804530178715,149690.0,82168.0,1.8217554279038068,5.610107112606906,3.788351684703099,0.3247273877908675,4.037404452500013,26682.2,PIPE_V,0.7196661973578453,False,0.28033380264215474,0.7196661973578453,0.0,0.0
case_051,deep_narrow,1429,607080,51552,0.08491796797786123,607628.0,593791.0,1.0233028119321446,5.004513408446992,3.981210596514847,0.2044759856582535,5.004513408446992,121416.0,PIPE_V,1.0,False,0.0,1.0,0.0,0.0
case_052,wide_shallow,1347,204123,3665,0.01795486054976656,180301.0,51333.0,3.512379950519159,6.369799615623764,2.857419665104605,0.5514113728011221,4.416479279650015,28305.6,PIPE_M,0.6933466586322953,False,0.6933466586322953,0.3066533413677048,0.0,0.0
case_053,high_spill_risk,12046,1556802,56912,0.03655699311794307,1472686.0,492699.0,2.9890176355137723,6.071800225277597,3.082782589763825,0.49227865288949246,4.729843615308819,242545.2,PIPE_M,0.7789853815706814,False,0.7789853815706814,0.22101461842931858,0.0,0.0
case_054,high_spill_risk,16133,1014888,20291,0.019993339166489307,815051.0,455620.0,1.7888832799262544,7.097076709809549,5.3081934298832945,0.25205917211711515,4.0154726432867465,114843.2,PIPE_M,0.5657924815349082,False,0.5657924815349082,0.4342075184650917,0.0,0.0
case_055,wide_shallow,1468,130845,6962,0.05320799419160075,118835.0,30887.0,3.8474115323598923,8.605121001028255,4.757709468668363,0.44710719720270664,4.541060032863312,13809.8,PIPE_V,0.5277159998471473,False,0.4722840001528526,0.5277159998471473,0.0,0.0
case_056,mixed,7936,376969,13737,0.0364406622295202,277285.0,191133.0,1.4507437229573124,5.636950962175701,4.186207239218389,0.2573631973547216,3.6778223143017064,49190.6,PIPE_V,0.6524488751064411,False,0.3475511248935589,0.6524488751064411,0.0,0.0
case_057,high_spill_risk,1053,61627,8189,0.13288006880101255,59726.0,17205.0,3.471432723045626,6.278355933985073,2.8069232109394466,0.5529206625980819,4.845765654664352,9513.0,PIPE_V,0.7718207928343096,False,0.22817920716569037,0.7718207928343096,0.0,0.0
case_058,high_spill_risk,17886,4669050,746,0.00015977554320472046,4539717.0,948121.0,4.788119870775987,5.207327648504119,0.4192077777281318,0.9194965621476583,4.861499662672278,871794.0,PIPE_M,0.933588203167668,False,0.933588203167668,0.06641179683233206,0.0,0.0
case_059,high_spill_risk,3168,839936,2120,0.002524001828710759,829473.0,163124.0,5.084923125965523,5.621320101058293,0.53639697509277,0.9045781123562443,4.937715492608961,147558.4,PIPE_M,0.8783907345321549,True,0.8783907345321549,0.12160926546784517,0.0,0.0
case_060,high_spill_risk,6086,993771,4252,0.004278651721573682,888789.0,190762.0,4.659151193633952,6.170157671416988,1.5110064777830363,0.7551105566098069,4.471799841210903,144046.4,PIPE_M,0.7247464456097028,True,0.7247464456097028,0.27525355439029714,0.0,0.0
case_061,wide_shallow,1450,99028,11506,0.11618936058488508,77191.0,24673.0,3.128561585538848,5.401295902373488,2.27273431683464,0.5792242532322782,3.8974330492385993,14291.2,PIPE_M,0.7215736963283111,False,0.7215736963283111,0.2784263036716888,0.0,0.0
case_062,high_spill_risk,23999,3011088,3120,0.0010361703145175432,2854809.0,578116.0,4.938124874592642,5.45143790100825,0.5133130264156076,0.9058389665741823,4.740494133681912,523680.0,PIPE_M,0.8695860101066458,True,0.8695860101066458,0.13041398989335418,0.0,0.0
case_063,high_spill_risk,8995,1128768,3048,0.0027002891648239494,1070397.0,219468.0,4.877234949969927,5.452307457212714,0.5750725072427869,0.894526764721964,4.741439339173328,196320.0,PIPE_M,0.8696206837897602,True,0.8696206837897602,0.13037931621023985,0.0,0.0
case_064,deep_narrow,972,23052,3528,0.15304528891202498,19116.0,18095.0,1.0564244266371925,5.418367346938775,4.361942920301583,0.19497098646034813,4.1462779802186365,3528,PIPE_V,0.6829776158250911,False,0.3170223841749089,0.6829776158250911,0.0,0.0
case_065,wide_shallow,914,57778,1265,0.021894146560974766,53068.0,14836.0,3.576974925856026,8.989091401856493,5.412116476000467,0.3979239687247237,4.592405413825332,5903.6,PIPE_V,0.5108864965903978,False,0.48911350340960225,0.5108864965903978,0.0,0.0
case_066,mixed,6181,440377,32240,0.07320999961396712,359070.0,242906.0,1.4782261450931635,6.65698903201406,5.178762886920897,0.22205626868006553,4.076847791778408,53938.8,PIPE_M,0.6124161797732397,False,0.6124161797732397,0.38758382022676025,0.0,0.0
case_067,high_spill_risk,8996,61275840,863040,0.014084507042253521,63834834.0,15931687.0,4.006784341168641,5.417515287048348,1.410730945879707,0.7395981605714448,5.208809377398988,11783046.4,PIPE_M,0.9614757137560253,False,0.9614757137560253,0.03852428624397479,0.0,0.0
case_068,high_spill_risk,5853,403797,48319,0.11966161214669747,362095.0,248861.0,1.4550090211001323,7.268035856941562,5.8130268358414305,0.20019287875561056,4.483626673798963,49820.2,PIPE_M,0.6168966089396405,False,0.6168966089396405,0.3831033910603595,0.0,0.0
case_069,wide_shallow,1074,31962,2298,0.07189787873099306,25144.0,21040.0,1.1950570342205322,7.539882451721242,6.34482541750071,0.1584980988593156,3.933420937363119,3334.8,PIPE_M,0.5216819973718791,False,0.5216819973718791,0.4783180026281209,0.0,0.0
case_070,wide_shallow,1437,139046,4054,0.029155818937617768,117300.0,37044.0,3.166504697116942,6.386662601271888,3.2201579041549455,0.4957995896771407,4.218028566086043,18366.4,PIPE_M,0.6604433065316514,False,0.6604433065316514,0.3395566934683486,0.0,0.0
case_071,wide_shallow,781,23488,2298,0.09783719346049047,18919.0,16183.0,1.1690663041463263,7.54707196425722,6.378005660110894,0.15490329357968238,4.02737568119891,2506.8,PIPE_M,0.5336341961852861,False,0.5336341961852861,0.4663658038147139,0.0,0.0
case_072,high_spill_risk,31387,24636293,31968,0.001297597816359791,23897828.0,4876282.0,4.900829771534952,5.211472876899406,0.31064310536445383,0.9403924547431833,4.850126599809476,4585618.8,PIPE_M,0.9306633104258015,True,0.9306633104258015,0.06933668957419852,0.0,0.0
case_073,high_spill_risk,4964,8588736,220224,0.02564102564102564,10081626.0,3063665.0,3.290707698132792,6.176958221087675,2.8862505229548834,0.5327391865624995,5.869097618089554,1632134.4,PIPE_M,0.9501598372566115,False,0.9501598372566115,0.04984016274338855,0.0,0.0
case_074,high_spill_risk,4269,1777844,3091,0.0017386227363030728,1682239.0,373905.0,4.499108062208315,5.325482580991552,0.8263745187832372,0.844826359636806,4.731120953244492,315884.8,PIPE_M,0.8883929073642007,False,0.8883929073642007,0.11160709263579932,0.0,0.0
case_075,high_spill_risk,7684,1752180,182300,0.1040418221872182,1441809.0,1073002.0,1.3437151095710913,6.509178163825484,5.165463054254393,0.2064339115863717,4.1143290072937715,221504.0,PIPE_M,0.6320811788743166,False,0.6320811788743166,0.3679188211256834,0.0,0.0
case_076,high_spill_risk,35076,7008892,2774,0.00039578295684967037,6185113.0,1343756.0,4.602854238418284,5.101844483113822,0.49899024469553765,0.9021941483424074,4.412332933650569,1212328.8,PIPE_M,0.8648505355768072,True,0.8648505355768072,0.1351494644231927,0.0,0.0
case_077,high_spill_risk,4872,552078,15619,0.028291292172482874,495320.0,132816.0,3.729369955427057,5.961878258860007,2.2325083034329496,0.6255360799903626,4.485960317201554,83081.2,PIPE_M,0.7524407782958206,False,0.7524407782958206,0.2475592217041795,0.0,0.0
case_078,high_spill_risk,1094,2141184,246816,0.11527080344332855,2296143.0,620100.0,3.7028592162554426,5.6336339386659136,1.930774722410471,0.657277213352685,5.361853535240316,407577.6,PIPE_M,0.9517575322812052,False,0.9517575322812052,0.04824246771879483,0.0,0.0
case_079,high_spill_risk,20130,33184512,5952,0.00017936078131870674,31052251.0,6063684.0,5.121020653450938,5.276618705084871,0.15559805163393303,0.9705117878834054,4.6787264793889385,5884876.8,PIPE_M,0.8866902728598208,True,0.8866902728598208,0.11330972714017913,0.0,0.0
case_080,high_spill_risk,1395,309564,746,0.002409840937576721,292138.0,119170.0,2.45143912058404,5.053521263198682,2.6020821426146425,0.48509524209113036,4.718539623470429,57808.8,PIPE_M,0.9337132224677288,False,0.9337132224677288,0.06628677753227119,0.0,0.0
case_081,high_spill_risk,4505,151725,407,0.002682484758609326,151795.0,30943.0,4.905632937982743,5.002306805074971,0.09667386709222825,0.9806741427786576,5.002306805074971,30345.0,PIPE_V,1.0,False,0.0,1.0,0.0,0.0
case_082,mixed,4209,927702,54690,0.05895212040073213,721041.0,622801.0,1.1577389888583993,6.347907158553077,5.190168169694678,0.18238121004943791,3.886167109696864,113587.2,PIPE_M,0.6121965889908613,False,0.6121965889908613,0.38780341100913873,0.0,0.0
case_083,high_spill_risk,3956,882136,28456,0.03225806451612903,1057993.0,405880.0,2.6066645313885877,6.524087485015465,3.917422953626877,0.39954469301271317,5.996768072043313,162167.2,PIPE_M,0.9191734607815575,False,0.9191734607815575,0.0808265392184425,0.0,0.0
case_084,high_spill_risk,14001,2507256,2328,0.0009285051067780873,2507412.0,503472.0,4.98024120507198,9.898575028897353,4.918333823825373,0.5031270855181619,5.000311097071859,253310.4,PIPE_M,0.5051546391752577,False,0.5051546391752577,0.4948453608247423,0.0,0.0
case_085,high_spill_risk,19993,4289922,165564,0.03859370869680148,3187899.0,2514429.0,1.2678421224063197,6.213704810822948,4.945862688416629,0.20403964478615225,3.7155675557737413,513043.2,PIPE_M,0.5979633196128041,False,0.5979633196128041,0.40203668038719587,0.0,0.0
case_086,mixed,5372,157242,6894,0.043843247987179,118403.0,91165.0,1.2987769429057203,7.476636104165088,6.177859161259368,0.17371140240223767,3.7649928136248585,15836.4,PIPE_M,0.5035677490746747,False,0.5035677490746747,0.4964322509253253,0.0,0.0
case_087,high_spill_risk,28666,4476064,82063,0.01833374142997062,3974071.0,891942.0,4.455526256191546,5.529865471101612,1.074339214910066,0.8057205513362976,4.439247294051202,718656.0,PIPE_M,0.8027767252657693,True,0.8027767252657693,0.1972232747342308,0.0,0.0
case_088,high_spill_risk,3577,273352,32229,0.11790292370277151,243623.0,161354.0,1.5098665047039428,7.0164681351089815,5.506601630405038,0.21518896339725074,4.456213965875501,34721.6,PIPE_M,0.6351078462934239,False,0.6351078462934239,0.36489215370657613,0.0,0.0
case_089,mixed,5254,698880,16272,0.023282967032967034,693092.0,147432.0,4.701096098540344,5.882434818033677,1.1813387194933336,0.7991752129795431,4.958590888278389,117824.0,PIPE_M,0.842948717948718,False,0.842948717948718,0.15705128205128205,0.0,0.0
case_090,high_spill_risk,1744,899808,63936,0.07105515843379921,1178363.0,522053.0,2.2571712067548697,7.00965940456475,4.75248819780988,0.32200868494195034,6.547857987481773,168105.6,PIPE_M,0.934119278779473,False,0.934119278779473,0.06588072122052704,0.0,0.0
case_091,high_spill_risk,33497,9913070,56912,0.005741107447037094,9186769.0,2015394.0,4.558299270514847,5.114352948773905,0.5560536782590582,0.8912758497842108,4.633664949405179,1796272.0,PIPE_M,0.9060119619855403,False,0.9060119619855403,0.0939880380144597,0.0,0.0
case_092,high_spill_risk,17942,4040752,28456,0.007042253521126761,4815554.0,1714518.0,2.8086925888208816,6.482709916018515,3.6740173271976335,0.4332590267352107,5.958734908749658,742830.4,PIPE_M,0.9191734607815575,False,0.9191734607815575,0.0808265392184425,0.0,0.0
case_093,wide_shallow,901,86112,400,0.004645113340765515,74205.0,16941.0,4.380201877102887,5.016020441271901,0.6358185641690142,0.8732424296086418,4.308632943143812,14793.6,PIPE_M,0.8589743589743589,True,0.8589743589743589,0.14102564102564102,0.0,0.0
case_094,wide_shallow,791,107560,2484,0.02309408702119747,94892.0,33565.0,2.82711157455683,6.687810103743798,3.860698529186968,0.4227260539252197,4.4111193752324285,14188.8,PIPE_M,0.6595760505764224,False,0.6595760505764224,0.34042394942357757,0.0,0.0
case_095,high_spill_risk,6006,2084544,4512,0.0021645021645021645,2084853.0,420852.0,4.953886401870491,9.742376578516476,4.788490176645984,0.5084884947677568,5.000741169291701,213998.4,PIPE_M,0.5132978723404256,False,0.5132978723404256,0.4867021276595745,0.0,0.0
case_096,mixed,1362,93274,9417,0.10096061067392842,84194.0,26958.0,3.1231545366866977,7.923395445134576,4.800240908447877,0.39416870687736477,4.5132620022728736,10626.0,PIPE_V,0.5696121105559964,False,0.4303878894440037,0.5696121105559964,0.0,0.0
case_097,high_spill_risk,7488,11635200,23904,0.0020544554455445545,11491509.0,2123528.0,5.411517531202791,5.576513992154889,0.1649964609520982,0.9704122573377889,4.938251598597359,2060697.6,PIPE_M,0.8855445544554456,True,0.8855445544554456,0.11445544554455446,0.0,0.0
case_098,mixed,1553,179997,6783,0.037683961399356654,177430.0,89963.0,1.9722552604959818,5.452640118991279,3.480384858495297,0.3617064793303914,4.928693255998711,32540.2,PIPE_V,0.9039095096029378,False,0.09609049039706218,0.9039095096029378,0.0,0.0
case_099,high_spill_risk,7054,1740204,2826,0.0016239475371852955,1622999.0,423856.0,3.829128288852818,5.08622775283237,1.2570994639795519,0.7528424748027631,4.6632435047844965,319096.8,PIPE_M,0.9168373363122945,False,0.9168373363122945,0.08316266368770558,0.0,0.0
case_100,wide_shallow,1654,164563,4830,0.02935046152537326,151223.0,57791.0,2.616722327005935,7.412383463879929,4.795661136873994,0.3530203664930526,4.5946841027448455,20401.4,PIPE_V,0.6198659479956005,False,0.38013405200439954,0.6198659479956005,0.0,0.0
