case,num_cores,graph_class,rule,num_blocks,baseline_makespan,makespan,speedup,added_copy_bytes,spill_added_copy_bytes,error
case_001,4,wide_shallow,aligned,12,233110,239946,0.9715102564743734,4099456,0,
case_001,4,wide_shallow,components,200,233110,102300,2.278690127077224,229248,0,
case_001,4,wide_shallow,continuous,4,233110,58984,3.952088702020887,3456,0,
case_001,4,wide_shallow,single,1,233110,233110,1.0,0,0,
case_001,4,wide_shallow,wave,3,233110,304027,0.7667411118091485,4096000,0,
case_004,4,wide_shallow,aligned,12,392357,383133,1.024075190599609,8638464,0,
case_004,4,wide_shallow,components,111,392357,252303,1.5551023967214024,12165120,0,
case_004,4,wide_shallow,continuous,4,392357,398078,0.9856284446766714,408576,0,
case_004,4,wide_shallow,single,1,392357,392357,1.0,0,0,
case_004,4,wide_shallow,wave,4,392357,452328,0.8674170071275712,5114880,0,
case_006,4,wide_shallow,aligned,22,82837,135809,0.609952212298154,5590824,0,
case_006,4,wide_shallow,components,27,82837,31308,2.6458732592308674,91264,0,
case_006,4,wide_shallow,continuous,4,82837,86257,0.9603510439732428,332848,0,
case_006,4,wide_shallow,single,1,82837,82837,1.0,16400,16400,
case_006,4,wide_shallow,wave,4,82837,93433,0.8865925315466698,2377812,0,
case_007,4,wide_shallow,aligned,12,1012562,1019842,0.992861639351978,21341184,0,
case_007,4,wide_shallow,components,555,1012562,390534,2.592762730005582,15316992,0,
case_007,4,wide_shallow,continuous,4,1012562,1016724,0.9959064603569897,121344,0,
case_007,4,wide_shallow,single,1,1012562,1012562,1.0,0,0,
case_007,4,wide_shallow,wave,4,1012562,1225766,0.8260646811871107,12787200,0,
case_011,4,wide_shallow,aligned,22,184697,276622,0.6676873133734844,5505024,0,
case_011,4,wide_shallow,components,16,184697,49484,3.7324589766389136,1622016,0,
case_011,4,wide_shallow,continuous,4,184697,46880,3.9397824232081913,1081344,0,
case_011,4,wide_shallow,single,1,184697,184697,1.0,0,0,
case_011,4,wide_shallow,wave,4,184697,217762,0.8481599177083238,3145728,0,
case_012,4,wide_shallow,aligned,19,59088,83669,0.7062113805591079,2144678,0,
case_012,4,wide_shallow,components,50,59088,24307,2.4309046776648704,101376,0,
case_012,4,wide_shallow,continuous,4,59088,63147,0.9357214119435603,167788,0,
case_012,4,wide_shallow,single,1,59088,59088,1.0,0,0,
case_012,4,wide_shallow,wave,4,59088,63996,0.9233077067316707,1124084,0,
case_017,4,wide_shallow,aligned,18,162810,197099,0.8260315881866473,3988174,0,
case_017,4,wide_shallow,components,60,162810,57874,2.8131803573279885,588672,0,
case_017,4,wide_shallow,continuous,4,162810,159493,1.020797150972143,308338,0,
case_017,4,wide_shallow,single,1,162810,162810,1.0,22528,22528,
case_017,4,wide_shallow,wave,4,162810,160016,1.0174607539246074,1755614,0,
case_022,4,wide_shallow,aligned,36,56780,104873,0.5414167612254822,4135974,0,
case_022,4,wide_shallow,components,32,56780,16460,3.4495747266099634,27648,0,
case_022,4,wide_shallow,continuous,4,56780,60324,0.941250580200252,198080,0,
case_022,4,wide_shallow,single,1,56780,56780,1.0,0,0,
case_022,4,wide_shallow,wave,4,56780,61196,0.9278384208118178,1341940,73728,
case_023,4,wide_shallow,aligned,31,122614,178214,0.6880155318886283,4847874,0,
case_023,4,wide_shallow,components,43,122614,36635,3.3469086938719803,429024,0,
case_023,4,wide_shallow,continuous,4,122614,125397,0.977806486598563,158340,0,
case_023,4,wide_shallow,single,1,122614,122614,1.0,0,0,
case_023,4,wide_shallow,wave,4,122614,118623,1.0336444028561071,1546898,0,
case_032,4,wide_shallow,aligned,30,41443,75942,0.5457191014195043,2078328,0,
case_032,4,wide_shallow,components,25,41443,18499,2.2402832585545163,55440,0,
case_032,4,wide_shallow,continuous,4,41443,44635,0.9284866136440013,111746,0,
case_032,4,wide_shallow,single,1,41443,41443,1.0,0,0,
case_032,4,wide_shallow,wave,4,41443,46596,0.8894111082496352,1033388,0,
case_037,4,wide_shallow,aligned,12,210001,189096,1.110552312053137,6594560,0,
case_037,4,wide_shallow,components,20,210001,57400,3.6585540069686413,1925120,0,
case_037,4,wide_shallow,continuous,4,210001,53320,3.938503375843961,1105920,0,
case_037,4,wide_shallow,single,1,210001,210001,1.0,0,0,
case_037,4,wide_shallow,wave,4,210001,283450,0.7408749338507673,5734400,0,
case_052,4,wide_shallow,aligned,17,180301,234075,0.7702702125387162,4775652,0,
case_052,4,wide_shallow,components,52,180301,56628,3.183954933954934,854016,0,
case_052,4,wide_shallow,continuous,4,180301,186757,0.9654310146339896,234536,0,
case_052,4,wide_shallow,single,1,180301,180301,1.0,0,0,
case_052,4,wide_shallow,wave,4,180301,192342,0.9373979682024727,2417712,0,
case_055,4,wide_shallow,aligned,28,118835,158962,0.7475686013009398,5070010,0,
case_055,4,wide_shallow,components,24,118835,37366,3.180297596745705,247808,0,
case_055,4,wide_shallow,continuous,4,118835,125110,0.9498441371592998,246920,0,
case_055,4,wide_shallow,single,1,118835,118835,1.0,69632,69632,
case_055,4,wide_shallow,wave,4,118835,126315,0.9407829632268535,1915798,0,
case_061,4,wide_shallow,aligned,45,77191,138342,0.557972271616718,2574326,0,
case_061,4,wide_shallow,components,40,77191,32746,2.357265009466805,278016,0,
case_061,4,wide_shallow,continuous,4,77191,90473,0.8531937705171708,151738,0,
case_061,4,wide_shallow,single,1,77191,77191,1.0,0,0,
case_061,4,wide_shallow,wave,4,77191,99210,0.7780566475153714,1245028,0,
case_065,4,wide_shallow,aligned,28,53068,87695,0.6051428245624038,1893164,0,
case_065,4,wide_shallow,components,42,53068,18863,2.813338281291417,111600,0,
case_065,4,wide_shallow,continuous,4,53068,55333,0.9590660184699907,130626,0,
case_065,4,wide_shallow,single,1,53068,53068,1.0,0,0,
case_065,4,wide_shallow,wave,4,53068,58615,0.9053655207711336,891748,0,
case_069,4,wide_shallow,aligned,46,25144,68621,0.36641844333367335,1616322,0,
case_069,4,wide_shallow,components,1,25144,25144,1.0,0,0,
case_069,4,wide_shallow,continuous,4,25144,28171,0.892549075290192,184328,0,
case_069,4,wide_shallow,single,1,25144,25144,1.0,0,0,
case_069,4,wide_shallow,wave,4,25144,32268,0.7792239990083054,325314,0,
case_070,4,wide_shallow,aligned,35,117300,169342,0.6926810832516446,3646882,0,
case_070,4,wide_shallow,components,38,117300,42818,2.7395020785650894,1005056,0,
case_070,4,wide_shallow,continuous,4,117300,123080,0.9530386740331491,219948,0,
case_070,4,wide_shallow,single,1,117300,117300,1.0,0,0,
case_070,4,wide_shallow,wave,4,117300,137621,0.8523408491436627,1634922,0,
case_071,4,wide_shallow,aligned,46,18919,61754,0.3063607215726917,1178338,0,
case_071,4,wide_shallow,components,1,18919,18919,1.0,0,0,
case_071,4,wide_shallow,continuous,4,18919,22093,0.8563345856153532,150824,0,
case_071,4,wide_shallow,single,1,18919,18919,1.0,0,0,
case_071,4,wide_shallow,wave,4,18919,22859,0.8276390043308981,281826,0,
case_093,4,wide_shallow,aligned,16,74205,,,,,EvaluationValidationError: task schedule: dependency cycle; 2 -[core 2 task order]-> 8; 8 -[subgraph dependency]-> 5; 5 -[subgraph dependency]-> 2
case_093,4,wide_shallow,components,69,74205,31229,2.376156777354382,557056,0,
case_093,4,wide_shallow,continuous,4,74205,77696,0.9550684719934102,61440,0,
case_093,4,wide_shallow,single,1,74205,74205,1.0,0,0,
case_093,4,wide_shallow,wave,4,74205,103717,0.7154564825438453,1978368,0,
case_094,4,wide_shallow,aligned,36,94892,160444,0.591433771284685,4467512,0,
case_094,4,wide_shallow,components,40,94892,35696,2.6583370685791126,688032,0,
case_094,4,wide_shallow,continuous,4,94892,97675,0.9715075505502944,176708,0,
case_094,4,wide_shallow,single,1,94892,94892,1.0,0,0,
case_094,4,wide_shallow,wave,4,94892,107489,0.8828066127696788,1520148,0,
case_100,4,wide_shallow,aligned,52,151223,251007,0.6024652698928715,9139744,0,
case_100,4,wide_shallow,components,43,151223,57736,2.6192150478037965,534528,0,
case_100,4,wide_shallow,continuous,4,151223,154724,0.9773726118766319,428080,0,
case_100,4,wide_shallow,single,1,151223,151223,1.0,0,0,
case_100,4,wide_shallow,wave,4,151223,148214,1.020301725882845,2387312,0,
