case,rule,num_blocks,valid,official_ok,estimated_score,estimated_partition_added_copy_bytes,estimated_scheduled_boundary_bytes,makespan,original_graph_copy_bytes,scheduled_copy_bytes,added_copy_bytes,partition_added_copy_bytes,spill_added_copy_bytes,cross_task_traffic_bytes,task_dependency_count,evaluation_error,plan,result
case_001,single,1,True,True,232800,0,1639552,233110,1639552,1639552,0,0,0,0,0,,day2_results\case_001\cores_4\single.json,day2_results\case_001\cores_4\single.result.json
case_001,continuous,4,True,True,58200,3456,1643008,58984,1639552,1643008,3456,3456,0,0,0,,day2_results\case_001\cores_4\continuous.json,day2_results\case_001\cores_4\continuous.result.json
case_001,wave,3,True,True,265200,4096000,5735552,304027,1639552,5735552,4096000,4096000,0,1638400,2,,day2_results\case_001\cores_4\wave.json,day2_results\case_001\cores_4\wave.result.json
case_001,aligned,12,True,True,197000,4099456,5739008,239946,1639552,5739008,4099456,4099456,0,1638400,8,,day2_results\case_001\cores_4\aligned.json,day2_results\case_001\cores_4\aligned.result.json
case_001,components,200,True,True,63100,229248,1868800,102300,1639552,1868800,229248,229248,0,0,0,,day2_results\case_001\cores_4\components.json,day2_results\case_001\cores_4\components.result.json
case_010,single,1,True,True,55496,0,384150,86969,384150,384150,0,0,0,0,0,,day2_results\case_010\cores_4\single.json,day2_results\case_010\cores_4\single.result.json
case_010,continuous,4,True,True,51919,234564,618714,92695,384150,618714,234564,234564,0,29986,5,,day2_results\case_010\cores_4\continuous.json,day2_results\case_010\cores_4\continuous.result.json
case_010,wave,4,True,True,88199,1504452,1888602,98707,384150,1888602,1504452,1504452,0,608898,4,,day2_results\case_010\cores_4\wave.json,day2_results\case_010\cores_4\wave.result.json
case_010,aligned,62,True,True,66922,4836888,5221038,163081,384150,5221038,4836888,4836888,0,2329292,79,,day2_results\case_010\cores_4\aligned.json,day2_results\case_010\cores_4\aligned.result.json
case_010,components,36,True,True,28759,362880,747030,29586,384150,747030,362880,362880,0,0,0,,day2_results\case_010\cores_4\components.json,day2_results\case_010\cores_4\components.result.json
case_026,single,1,True,True,70768,0,528854,99203,528854,528854,0,0,0,0,0,,day2_results\case_026\cores_4\single.json,day2_results\case_026\cores_4\single.result.json
case_026,continuous,4,True,True,64655,282404,811258,105515,528854,811258,282404,282404,0,45586,5,,day2_results\case_026\cores_4\continuous.json,day2_results\case_026\cores_4\continuous.result.json
case_026,wave,4,True,True,53015,2170008,2698862,113365,528854,2772590,2243736,2170008,73728,822796,3,,day2_results\case_026\cores_4\wave.json,day2_results\case_026\cores_4\wave.result.json
case_026,aligned,49,True,True,71970,7515572,8044426,196449,528854,8044426,7515572,7515572,0,3333850,71,,day2_results\case_026\cores_4\aligned.json,day2_results\case_026\cores_4\aligned.result.json
case_026,components,31,True,True,40824,217872,746726,41243,528854,746726,217872,217872,0,0,0,,day2_results\case_026\cores_4\components.json,day2_results\case_026\cores_4\components.result.json
case_051,single,1,True,True,607080,0,393218,607628,393218,393218,0,0,0,0,0,,day2_results\case_051\cores_4\single.json,day2_results\case_051\cores_4\single.result.json
case_051,continuous,4,True,True,610080,1179660,1572878,612275,393218,1572878,1179660,1179660,0,6,3,,day2_results\case_051\cores_4\continuous.json,day2_results\case_051\cores_4\continuous.result.json
case_051,wave,4,True,True,610080,1179660,1572878,612275,393218,1572878,1179660,1179660,0,6,3,,day2_results\case_051\cores_4\wave.json,day2_results\case_051\cores_4\wave.result.json
case_051,aligned,192,True,True,179285,65669276,66062494,1277959,393218,66062494,65669276,65669276,0,28312654,215,,day2_results\case_051\cores_4\aligned.json,day2_results\case_051\cores_4\aligned.result.json
case_051,components,1,True,True,607080,0,393218,607628,393218,393218,0,0,0,0,0,,day2_results\case_051\cores_4\components.json,day2_results\case_051\cores_4\components.result.json
case_074,single,1,True,True,1579424,0,3776728,1682239,3776728,9847008,6070280,0,6070280,0,0,,day2_results\case_074\cores_4\single.json,day2_results\case_074\cores_4\single.result.json
case_074,continuous,4,True,True,1165988,4259972,8036700,1687677,3776728,11297116,7520388,4259972,3260416,159810,5,,day2_results\case_074\cores_4\continuous.json,day2_results\case_074\cores_4\continuous.result.json
case_074,wave,4,True,True,1770484,14942512,18719240,1935243,3776728,25002504,21225776,14942512,6283264,7258264,6,,day2_results\case_074\cores_4\wave.json,day2_results\case_074\cores_4\wave.result.json
case_074,aligned,39,True,True,1680405,30526392,34303120,2181198,3776728,40586384,36809656,30526392,6283264,15005142,78,,day2_results\case_074\cores_4\aligned.json,day2_results\case_074\cores_4\aligned.result.json
case_074,components,73,True,True,431391,14401536,18178264,444954,3776728,18178264,14401536,14401536,0,0,0,,day2_results\case_074\cores_4\components.json,day2_results\case_074\cores_4\components.result.json
case_083,single,1,True,True,810836,0,1438304,1057993,1438304,15372992,13934688,0,13934688,0,0,,day2_results\case_083\cores_4\single.json,day2_results\case_083\cores_4\single.result.json
case_083,continuous,4,True,True,406098,2889504,4327808,1074282,1438304,16249248,14810944,2889504,11921440,49152,3,,day2_results\case_083\cores_4\continuous.json,day2_results\case_083\cores_4\continuous.result.json
case_083,wave,4,True,True,396498,1523712,2962016,899148,1438304,3031648,1593344,1523712,69632,761856,4,,day2_results\case_083\cores_4\wave.json,day2_results\case_083\cores_4\wave.result.json
case_083,aligned,124,True,True,266734,26506240,27944544,1223155,1438304,27944544,26506240,26506240,0,14475264,147,,day2_results\case_083\cores_4\aligned.json,day2_results\case_083\cores_4\aligned.result.json
case_083,components,31,True,True,209948,27912000,29350304,547412,1438304,29350304,27912000,27912000,0,0,0,,day2_results\case_083\cores_4\components.json,day2_results\case_083\cores_4\components.result.json
