case,num_cores,q2_makespan,q3_makespan,q2_scheduled_copy_bytes,q3_physical_ddr_bytes,cache_hits,cache_accesses,cache_hit_rate,error
case_001,5,47502,47502,1644160,0,0,205,0.0,
case_002,5,54529,54529,1251840,0,0,407,0.0,
case_003,5,539607,539607,1677480,0,2,210,0.03906891786680466,
case_004,5,87634,85299,1250304,0,6,128,0.20748299319727892,
case_005,5,62468,62465,682874,0,17,249,0.026329150359197414,
case_006,5,31749,31749,606964,0,9,154,0.01708410229369892,
case_007,5,203834,203834,1843200,0,0,570,0.0,
case_008,5,100603,100603,2654424,0,0,432,0.0,
case_009,5,88701,88701,505674,0,4,335,7.594167679222357e-05,
case_010,5,31020,30692,529302,0,11,120,0.10448387279632673,
case_011,5,47287,46777,2228224,0,416,704,0.6231060606060606,
case_012,5,14195,14195,586002,0,26,279,0.05813664596273292,
case_013,5,53769,53416,2576384,0,15,1008,0.01488095238095238,
case_014,5,3693400,3681645,70760908,0,5809,11533,0.4257558629506034,
case_015,5,50218,47097,1304486,0,42,265,0.23844433574367735,
