profile_index,case_id,graph_class,ops_total,noncopy_ops,op_dag_depth,op_dag_max_width,critical_path_cycles,l1_peak_bytes,ub_peak_bytes,spill_risk_ratio,ddr_repeat_tensor_count,ddr_repeat_potential_bytes
1,case_001,wide_shallow,1001,600,3,200,1316,824448,4096,1.572509765625,0,0
2,case_002,high_spill_risk,2197,1798,24,199,2976,1224192,307200,2.34375,0,0
3,case_003,high_spill_risk,13670,13455,305,325,28285,1284352,50214,2.44970703125,0,0
4,case_004,wide_shallow,1002,777,6,222,2748,463872,12288,0.884765625,0,0
5,case_005,mixed,4209,4113,138,196,6894,318912,42294,0.6082763671875,0,0
6,case_006,wide_shallow,851,678,22,116,2836,380416,195638,1.4925994873046875,0,0
7,case_007,wide_shallow,4998,3885,6,1110,1632,886272,6144,1.6904296875,0,0
8,case_008,high_spill_risk,1404,864,8,108,4512,2009088,37270,3.83203125,0,0
9,case_009,mixed,6058,5671,366,217,9965,324192,182362,1.3913116455078125,0,0
10,case_010,mixed,796,667,62,80,3146,373184,47152,0.7117919921875,0,0
11,case_011,wide_shallow,880,688,22,352,2120,552960,0,1.0546875,0,0
12,case_012,wide_shallow,1304,972,19,195,2506,362176,151610,1.1566925048828125,0,0
13,case_013,high_spill_risk,3202,1968,4,984,400,2025472,0,3.86328125,0,0
14,case_014,high_spill_risk,38666,35705,124,15921,31968,9917784,1522,18.916671752929688,0,0
15,case_015,high_spill_risk,1290,1013,29,172,7913,499392,458818,3.5005035400390625,0,0
16,case_016,deep_narrow,18008,17995,2440,12,655140,393216,65558,0.75,0,0
17,case_017,wide_shallow,1758,1373,18,233,5980,334336,259150,1.9771575927734375,0,0
18,case_018,high_spill_risk,3285,2727,28,1084,3539,1544576,106632,2.946044921875,0,0
19,case_019,mixed,766,647,79,57,12234,166944,32788,0.31842041015625,0,0
20,case_020,high_spill_risk,7584,7008,24,576,1824,0,1204224,9.1875,0,0
21,case_021,high_spill_risk,4450,3920,7,2000,5544,2674688,0,5.1015625,0,0
22,case_022,wide_shallow,1567,1356,36,149,1986,72192,153636,1.172149658203125,0,0
23,case_023,wide_shallow,1202,1011,31,96,4218,353184,104490,0.7971954345703125,0,0
24,case_024,deep_narrow,5972,5959,808,12,216948,393216,65558,0.75,0,0
25,case_025,high_spill_risk,23997,18662,6,5332,1632,4128768,6144,7.875,0,0
26,case_026,mixed,769,636,49,76,4319,408496,131094,1.0001678466796875,0,0
27,case_027,high_spill_risk,1800,1424,45,720,21048,1880064,0,3.5859375,0,0
28,case_028,high_spill_risk,19944,19584,124,306,246816,4065408,0,7.754150390625,0,0
29,case_029,high_spill_risk,1113,861,12,168,407,0,266328,2.03192138671875,0,0
30,case_030,high_spill_risk,11248,10070,12,4472,1494,2397696,640,4.5732421875,0,0
31,case_031,high_spill_risk,6805,6135,136,1659,13057,2238048,106610,4.26873779296875,0,0
32,case_032,wide_shallow,1035,827,30,137,1146,164936,124972,0.953460693359375,0,0
33,case_033,high_spill_risk,4069,3465,34,1439,6300,2768416,149008,5.28033447265625,0,0
34,case_034,high_spill_risk,4545,3745,24,1374,3677,1776128,573574,4.3760223388671875,0,0
35,case_035,mixed,4237,3857,333,224,17200,304672,108606,0.8285980224609375,0,0
36,case_036,high_spill_risk,4001,2400,3,800,1316,3282048,4096,6.260009765625,0,0
37,case_037,wide_shallow,980,780,6,400,904,618496,0,1.1796875,0,0
38,case_038,high_spill_risk,6843,5907,36,2594,8754,2823168,71690,5.384765625,0,0
39,case_039,high_spill_risk,5966,5250,8,2660,784,4362240,0,8.3203125,0,0
40,case_040,mixed,3381,3083,229,196,16120,888640,106530,1.6949462890625,0,0
41,case_041,high_spill_risk,18149,16594,49,7574,1767,5112832,8736,9.751953125,0,0
42,case_042,high_spill_risk,5345,4733,53,2057,5685,2369312,36948,4.51910400390625,0,0
43,case_043,high_spill_risk,9756,9309,202,547,27474,1181232,305254,2.3289031982421875,0,0
44,case_044,deep_narrow,1436,1364,124,11,7672,957024,0,1.82537841796875,0,0
45,case_045,high_spill_risk,1787,1651,24,136,1824,0,303104,2.3125,0,0
46,case_046,deep_narrow,1058,992,124,8,28456,1012320,0,1.93084716796875,0,0
47,case_047,mixed,13988,13710,460,196,19990,457344,19750,0.872314453125,0,0
48,case_048,deep_narrow,1900,1728,369,57,75960,410240,15430,0.782470703125,0,0
49,case_049,mixed,4465,4303,186,134,8921,176608,31320,0.33685302734375,0,0
50,case_050,mixed,4781,4555,186,134,6829,145504,233532,1.781707763671875,0,0
51,case_051,deep_narrow,1429,1416,192,12,51552,393216,65558,0.75,0,0
52,case_052,wide_shallow,1347,1008,17,218,3665,655488,165952,1.26611328125,0,0
53,case_053,high_spill_risk,12046,11670,241,318,56912,2905104,58074,5.541046142578125,0,0
54,case_054,high_spill_risk,16133,15751,354,324,20291,1613248,41014,3.0770263671875,0,0
55,case_055,wide_shallow,1468,1236,28,200,6962,404480,253992,1.93780517578125,0,0
56,case_056,mixed,7936,7678,300,162,13737,181088,95862,0.7313690185546875,0,0
57,case_057,high_spill_risk,1053,865,101,126,8189,50976,307248,2.3441162109375,0,0
58,case_058,high_spill_risk,17886,16575,7,8415,746,6762496,0,12.8984375,0,0
59,case_059,high_spill_risk,3168,2752,22,1408,2120,1093632,0,2.0859375,0,0
60,case_060,high_spill_risk,6086,5281,41,1977,4252,1343232,831528,6.34405517578125,0,0
61,case_061,wide_shallow,1450,1115,45,232,11506,482688,79924,0.920654296875,0,0
62,case_062,high_spill_risk,23999,19636,28,2181,3120,13401600,3351552,25.5703125,0,0
63,case_063,high_spill_risk,8995,7360,26,817,3048,5021184,1256448,9.5859375,0,0
64,case_064,deep_narrow,972,906,123,32,3528,36448,5158,0.06951904296875,0,0
65,case_065,wide_shallow,914,704,28,98,1265,200848,115782,0.8833465576171875,0,0
66,case_066,mixed,6181,5962,154,192,32240,1040256,71780,1.984130859375,0,0
67,case_067,high_spill_risk,8996,8804,124,71,863040,4917632,0,9.379638671875,0,0
68,case_068,high_spill_risk,5853,5351,264,220,48319,2587848,243770,4.9359283447265625,0,0
69,case_069,wide_shallow,1074,1032,46,144,2298,113856,23092,0.2171630859375,0,0
70,case_070,wide_shallow,1437,1191,35,213,4054,407552,59410,0.77734375,0,0
71,case_071,wide_shallow,781,741,46,100,2298,111552,19298,0.2127685546875,0,0
72,case_072,high_spill_risk,31387,29666,251,11082,31968,11099144,23618,21.169937133789062,0,0
73,case_073,high_spill_risk,4964,4836,124,39,220224,3889536,0,7.418701171875,0,0
74,case_074,high_spill_risk,4269,3609,39,1474,3091,3440640,385076,6.5625,0,0
75,case_075,high_spill_risk,7684,7410,460,105,182300,1819904,51782,3.47119140625,0,0
76,case_076,high_spill_risk,35076,32528,13,15270,2774,4834304,29556,9.220703125,0,0
77,case_077,high_spill_risk,4872,4486,135,213,15619,2067664,100140,3.943756103515625,0,0
78,case_078,high_spill_risk,1094,1024,124,16,246816,2283648,0,4.355712890625,0,0
79,case_079,high_spill_risk,20130,18720,8,9504,5952,6230016,0,11.8828125,0,0
80,case_080,high_spill_risk,1395,1098,7,558,746,2035712,0,3.8828125,0,0
81,case_081,high_spill_risk,4505,3485,12,680,407,0,1053016,8.03387451171875,0,0
82,case_082,mixed,4209,4113,138,196,54690,566528,76358,1.08056640625,0,0
83,case_083,high_spill_risk,3956,3844,124,31,28456,1200736,0,2.29022216796875,0,0
84,case_084,high_spill_risk,14001,8616,8,1077,2328,9930240,11464,18.9404296875,0,0
85,case_085,high_spill_risk,19993,19737,450,324,165564,1656064,100934,3.15869140625,0,0
86,case_086,mixed,5372,5274,138,256,6894,321216,49206,0.6126708984375,0,0
87,case_087,high_spill_risk,28666,27556,382,3066,82063,5918816,61132,11.28924560546875,0,0
88,case_088,high_spill_risk,3577,3309,176,100,32229,1782592,84202,3.4000244140625,0,0
89,case_089,mixed,5254,5120,124,80,16272,414848,0,0.791259765625,0,0
90,case_090,high_spill_risk,1744,1664,124,26,63936,2197632,0,4.191650390625,0,0
91,case_091,high_spill_risk,33497,31554,124,14803,56912,6560256,4102,12.5126953125,0,0
92,case_092,high_spill_risk,17942,17608,124,142,28456,2110048,0,4.02459716796875,0,0
93,case_093,wide_shallow,901,552,4,276,400,575488,0,1.09765625,0,0
94,case_094,wide_shallow,791,647,36,108,2484,436512,77828,0.83258056640625,0,0
95,case_095,high_spill_risk,6006,3696,8,462,4512,8534016,37978,16.27734375,0,0
96,case_096,mixed,1362,1198,119,93,9417,194368,34864,0.3707275390625,0,0
97,case_097,high_spill_risk,7488,6592,52,3328,23904,4296704,0,8.1953125,0,0
98,case_098,mixed,1553,1365,51,98,6783,521728,213048,1.62542724609375,0,0
99,case_099,high_spill_risk,7054,6296,29,2810,2826,2534400,17408,4.833984375,0,0
100,case_100,wide_shallow,1654,1394,52,187,4830,376576,98388,0.750640869140625,0,0
