profile_index,case_id,graph_class,ops_total,noncopy_ops,copy_in_ops,copy_out_ops,tensors_total,edges_total,op_dag_edges,op_dag_depth,op_dag_max_width,op_dag_avg_width,critical_path_cycles,noncopy_cycles,max_tensor_size,max_tensor_fanout,ddr_repeat_tensor_count,ddr_repeat_potential_bytes,l1_peak_bytes,ub_peak_bytes,l1_peak_ratio,ub_peak_ratio,spill_risk_ratio,l1_tensor_count,l1_tensor_bytes,ub_tensor_count,ub_tensor_bytes,ddr_tensor_count,ddr_tensor_bytes,pipe_m_cycles,pipe_m_ops,pipe_mte2_cycles,pipe_mte2_ops,pipe_mte3_cycles,pipe_mte3_ops,pipe_v_cycles,pipe_v_ops
1,case_001,wide_shallow,1001,600,201,200,1202,2402,400,3,200,200.0,1316,263200,4096,200,0,0,824448,4096,1.572509765625,0.03125,1.572509765625,401,1639552,400,1638400,401,1639552,232800,200,0,201,0,200,30400,400
2,case_002,high_spill_risk,2197,1798,398,1,2595,5392,1797,24,199,74.91666666666667,2976,275928,4608,8,0,0,1224192,307200,2.3349609375,2.34375,2.34375,1198,2451456,998,1532928,399,1224192,240000,800,0,398,0,1,35928,998
3,case_003,high_spill_risk,13670,13455,198,17,13868,36295,20540,305,325,44.114754098360656,28285,763981,32768,972,0,0,1284352,50214,2.44970703125,0.3831024169921875,2.44970703125,2745,3850880,10908,5218668,215,1284264,438792,2550,0,198,0,17,325189,10905
4,case_004,wide_shallow,1002,777,114,111,1116,2670,777,6,222,129.5,2748,433566,36864,111,0,0,463872,12288,0.884765625,0.09375,0.884765625,447,2156544,444,2386944,225,792576,385614,333,0,114,0,111,47952,444
5,case_005,mixed,4209,4113,89,7,4298,11187,6258,138,196,29.804347826086957,6894,124812,9216,294,0,0,318912,42294,0.6082763671875,0.3226776123046875,0.6082763671875,902,1254432,3300,1963014,96,333414,63882,816,0,89,0,7,60930,3297
6,case_006,wide_shallow,851,678,131,42,982,1995,695,22,116,30.818181818181817,2836,87660,16384,11,0,0,380416,195638,0.7255859375,1.4925994873046875,1.4925994873046875,177,581248,632,2584642,173,543348,18660,59,0,131,0,42,69000,619
7,case_007,wide_shallow,4998,3885,558,555,5556,13326,3885,6,1110,647.5,1632,1232100,9216,555,0,0,886272,6144,1.6904296875,0.046875,1.6904296875,2223,5142528,2220,5967360,1113,1732608,979020,1665,0,558,0,555,253080,2220
8,case_008,high_spill_risk,1404,864,432,108,1836,3348,972,8,108,108.0,4512,487296,18432,2,0,0,2009088,37270,3.83203125,0.2843475341796875,3.83203125,540,4644864,756,8004312,540,2654424,250128,216,0,432,0,108,237168,648
9,case_009,mixed,6058,5671,318,69,6376,15754,8056,366,217,15.494535519125684,9965,185152,8192,288,0,0,324192,182362,0.61834716796875,1.3913116455078125,1.3913116455078125,1174,854560,4815,1953084,387,495332,65160,966,0,318,0,69,119992,4705
10,case_010,mixed,796,667,93,36,889,1899,700,62,80,10.758064516129032,3146,100106,16384,28,0,0,373184,47152,0.7117919921875,0.3597412109375,0.7117919921875,210,633344,550,1924002,129,384150,44610,131,0,93,0,36,55496,536
11,case_011,wide_shallow,880,688,176,16,1056,2448,672,22,352,31.272727272727273,2120,209984,4096,4,0,0,552960,0,1.0546875,0.0,1.0546875,864,3358720,0,0,192,606208,184448,352,0,176,0,16,25536,336
12,case_012,wide_shallow,1304,972,251,81,1555,3131,986,19,195,51.1578947368421,2506,67809,9216,12,0,0,362176,151610,0.6907958984375,1.1566925048828125,1.1566925048828125,366,676032,857,815514,332,554898,35572,135,0,251,0,81,32237,837
13,case_013,high_spill_risk,3202,1968,988,246,4190,8126,1722,4,984,492.0,400,307008,2048,246,0,0,2025472,0,3.86328125,0.0,3.86328125,2956,6053888,0,0,1234,2527232,263712,984,0,988,0,246,43296,984
14,case_014,high_spill_risk,38666,35705,1621,1340,40287,108272,34509,124,15921,287.94354838709677,31968,18877172,165888,38,0,0,9917784,1522,18.916671752929688,0.0116119384765625,18.916671752929688,32854,183243864,4472,153430,2961,9932740,17225748,16215,0,1621,0,1340,1651424,19490
15,case_015,high_spill_risk,1290,1013,211,66,1501,3107,1063,29,172,34.93103448275862,7913,196477,32768,11,0,0,499392,458818,0.9525146484375,3.5005035400390625,3.5005035400390625,302,882432,922,3250692,277,884614,94980,130,0,211,0,66,101497,883
16,case_016,deep_narrow,18008,17995,12,1,18020,43019,21338,2440,12,7.375,655140,7714975,32768,305,0,0,393216,65558,0.75,0.5001678466796875,0.75,12,393216,17995,359806670,13,393218,,,0,12,0,1,7714975,17995
17,case_017,wide_shallow,1758,1373,257,128,2015,4245,1428,18,233,76.27777777777777,5980,177802,24576,10,0,0,334336,259150,0.6376953125,1.9771575927734375,1.9771575927734375,221,684032,1409,1711728,385,643862,110600,110,0,257,0,128,67202,1263
18,case_018,high_spill_risk,3285,2727,432,126,3717,8718,2653,28,1084,97.39285714285714,3539,1084051,8192,20,0,0,1544576,106632,2.946044921875,0.81353759765625,2.946044921875,2498,9136384,661,1453422,558,1592848,971320,1092,0,432,0,126,112731,1635
19,case_019,mixed,766,647,88,31,854,1841,694,79,57,8.189873417721518,12234,88712,8192,36,0,0,166944,32788,0.31842041015625,0.250152587890625,0.31842041015625,198,458272,537,1062732,119,186984,48436,129,0,88,0,31,40276,518
20,case_020,high_spill_risk,7584,7008,288,288,7872,18048,8064,24,576,292.0,1824,532608,4096,7,0,0,0,1204224,0.0,9.1875,9.1875,0,0,7296,29884416,576,2359296,,,0,288,0,288,532608,7008
21,case_021,high_spill_risk,4450,3920,450,80,4900,12820,3840,7,2000,560.0,5544,6975360,12288,10,0,0,2674688,0,5.1015625,0.0,5.1015625,4370,50524160,0,0,530,3338240,6192000,2000,0,450,0,80,783360,1920
22,case_022,wide_shallow,1567,1356,138,73,1705,3720,1483,36,149,37.666666666666664,1986,58571,8192,10,0,0,72192,153636,0.1376953125,1.172149658203125,1.172149658203125,61,107776,1433,1916226,211,213686,4484,23,0,138,0,73,54087,1333
23,case_023,wide_shallow,1202,1011,134,57,1336,2869,1123,31,96,32.61290322580645,4218,132942,24576,8,0,0,353184,104490,0.67364501953125,0.7971954345703125,0.7971954345703125,133,643488,1012,1895698,191,443444,63384,64,0,134,0,57,69558,947
24,case_024,deep_narrow,5972,5959,12,1,5984,14255,7058,808,12,7.375,216948,2554795,32768,101,0,0,393216,65558,0.75,0.5001678466796875,0.75,12,393216,5959,119149094,13,393218,,,0,12,0,1,2554795,5959
25,case_025,high_spill_risk,23997,18662,2669,2666,26666,63990,18662,6,5332,3110.3333333333335,1632,5918520,9216,2666,0,0,4128768,6144,7.875,0.046875,7.875,10667,24597504,10664,28664832,5335,8217600,4702824,7998,0,2669,0,2666,1215696,10664
26,case_026,mixed,769,636,102,31,871,1849,679,49,76,12.979591836734693,4319,111760,24576,20,0,0,408496,131094,0.779144287109375,1.0001678466796875,1.0001678466796875,215,689584,523,3035904,133,528854,40992,102,0,102,0,31,70768,534
27,case_027,high_spill_risk,1800,1424,360,16,2160,5024,1408,45,720,31.644444444444446,21048,2516352,12288,4,0,0,1880064,0,3.5859375,0.0,3.5859375,1784,19341312,0,0,376,2039808,2229120,720,0,360,0,16,287232,704
28,case_028,high_spill_risk,19944,19584,207,153,20151,51822,23103,124,306,157.93548387096774,246816,40950144,165888,153,0,0,4065408,0,7.754150390625,0.0,7.754150390625,19791,98501760,0,0,360,5908608,38974608,8262,0,207,0,153,1975536,11322
29,case_029,high_spill_risk,1113,861,168,84,1281,2772,924,12,168,71.75,407,37485,2048,5,0,0,0,266328,0.0,2.03192138671875,2.03192138671875,0,0,1029,1119174,252,430164,,,0,168,0,84,37485,861
30,case_030,high_spill_risk,11248,10070,692,486,11940,30954,9584,12,4472,839.1666666666666,1494,3183302,6144,22,0,0,2397696,640,4.5732421875,0.0048828125,4.5732421875,9164,43336704,1598,60332,1178,2394060,2776480,4472,0,692,0,486,406822,5598
31,case_031,high_spill_risk,6805,6135,560,110,7365,18435,7166,136,1659,45.11029411764706,13057,1555517,13824,144,0,0,2238048,106610,4.26873779296875,0.8133697509765625,4.26873779296875,4167,15416096,2528,2567268,670,2185040,1334492,2122,0,560,0,110,221025,4013
32,case_032,wide_shallow,1035,827,151,57,1186,2469,870,30,137,27.566666666666666,1146,44145,4608,11,0,0,164936,124972,0.3145904541015625,0.953460693359375,0.953460693359375,154,321608,824,922828,208,293088,10150,48,0,151,0,57,33995,779
33,case_033,high_spill_risk,4069,3465,503,101,4572,11073,3437,34,1439,101.91176470588235,6300,1920150,13824,24,0,0,2768416,149008,5.28033447265625,1.1368408203125,5.28033447265625,3226,20001824,742,1486786,604,2972910,1728108,1413,0,503,0,101,192042,2052
34,case_034,high_spill_risk,4545,3745,599,201,5144,11907,3691,24,1374,156.04166666666666,3677,944116,8192,14,0,0,1776128,573574,3.3876953125,4.3760223388671875,4.3760223388671875,2887,11479040,1457,2953904,800,2280386,749160,1262,0,599,0,201,194956,2483
35,case_035,mixed,4237,3857,301,79,4538,10712,5067,333,224,11.582582582582583,17200,206101,8192,128,0,0,304672,108606,0.58111572265625,0.8285980224609375,0.8285980224609375,704,870944,3454,3489418,380,410854,62192,516,0,301,0,79,143909,3341
36,case_036,high_spill_risk,4001,2400,801,800,4802,9602,1600,3,800,800.0,1316,1052800,4096,800,0,0,3282048,4096,6.260009765625,0.03125,6.260009765625,1601,6554752,1600,6553600,1601,6554752,931200,800,0,801,0,800,121600,1600
37,case_037,wide_shallow,980,780,180,20,1160,2740,760,6,400,130.0,904,238480,4096,5,0,0,618496,0,1.1796875,0.0,1.1796875,960,3727360,0,0,200,614400,209600,400,0,180,0,20,28880,380
38,case_038,high_spill_risk,6843,5907,806,130,7649,18941,5855,36,2594,164.08333333333334,8754,1492776,32768,15,0,0,2823168,71690,5.384765625,0.5469512939453125,5.384765625,5865,15894016,848,1324818,936,2802950,1325000,2630,0,806,0,130,167776,3277
39,case_039,high_spill_risk,5966,5250,646,70,6612,17182,5180,8,2660,656.25,784,1476300,8192,10,0,0,4362240,0,8.3203125,0.0,8.3203125,5896,25706496,0,0,716,4489216,1377880,2660,0,646,0,70,98420,2590
40,case_040,mixed,3381,3083,266,32,3647,8621,4149,229,196,13.462882096069869,16120,297723,16384,125,0,0,888640,106530,1.6949462890625,0.8127593994140625,1.6949462890625,963,2000832,2386,6741686,298,911238,111972,571,0,266,0,32,185751,2512
41,case_041,high_spill_risk,18149,16594,1061,494,19210,51024,16140,49,7574,338.6530612244898,1767,6502990,6144,20,0,0,5112832,8736,9.751953125,0.066650390625,9.751953125,15683,64840704,1972,746424,1555,4949980,5895240,7558,0,1061,0,494,607750,9036
42,case_042,high_spill_risk,5345,4733,508,104,5853,14855,4687,53,2057,89.30188679245283,5685,1825102,18432,24,0,0,2369312,36948,4.51910400390625,0.281890869140625,4.51910400390625,4507,18595104,734,3050880,612,2388964,1599076,2083,0,508,0,104,226026,2650
43,case_043,high_spill_risk,9756,9309,384,63,10140,25867,13402,202,547,46.084158415841586,27474,861593,16384,324,0,0,1181232,305254,2.253021240234375,2.3289031982421875,2.3289031982421875,2720,5331760,6973,6158030,447,1431122,517752,1968,0,384,0,63,343841,7341
44,case_044,deep_narrow,1436,1364,61,11,1497,3686,1617,124,11,11.0,7672,84392,73728,11,0,0,957024,0,1.82537841796875,0.0,1.82537841796875,1425,2042720,0,0,72,975456,74404,550,0,61,0,11,9988,814
45,case_045,high_spill_risk,1787,1651,68,68,1855,4253,1900,24,136,68.79166666666667,1824,125476,4096,7,0,0,0,303104,0.0,2.3125,2.3125,0,0,1719,7041024,136,557056,,,0,68,0,68,125476,1651
46,case_046,deep_narrow,1058,992,58,8,1116,2708,1176,124,8,8.0,28456,227648,73728,8,0,0,1012320,0,1.93084716796875,0.0,1.93084716796875,1050,4166240,0,0,66,1061472,209248,400,0,58,0,8,18400,592
47,case_047,mixed,13988,13710,271,7,14259,37206,20909,460,196,29.804347826086957,19990,413130,4096,980,0,0,457344,19750,0.872314453125,0.1506805419921875,0.872314453125,2988,1892160,10993,3079046,278,463942,153760,2720,0,271,0,7,259370,10990
48,case_048,deep_narrow,1900,1728,169,3,2069,4961,2448,369,57,4.682926829268292,75960,259596,4096,81,0,0,410240,15430,0.782470703125,0.1177215576171875,0.782470703125,544,921664,1353,1099878,172,414790,139536,378,0,169,0,3,120060,1350
49,case_049,mixed,4465,4303,144,18,4609,11684,6323,186,134,23.134408602150536,8921,261179,8192,256,0,0,176608,31320,0.33685302734375,0.23895263671875,0.33685302734375,926,1198752,3521,2713064,162,152540,95464,794,0,144,0,18,165715,3509
50,case_050,mixed,4781,4555,188,38,4969,12462,6605,186,134,24.489247311827956,6829,185379,8192,256,0,0,145504,233532,0.27752685546875,1.781707763671875,1.781707763671875,964,756768,3779,2873750,226,319376,51968,781,0,188,0,38,133411,3774
51,case_051,deep_narrow,1429,1416,12,1,1441,3398,1668,192,12,7.375,51552,607080,32768,24,0,0,393216,65558,0.75,0.5001678466796875,0.75,12,393216,1416,28312656,13,393218,,,0,12,0,1,607080,1416
52,case_052,wide_shallow,1347,1008,259,80,1606,3272,1034,17,218,59.294117647058826,3665,204123,13824,12,0,0,655488,165952,1.250244140625,1.26611328125,1.26611328125,455,1788928,812,1236550,339,810204,141528,174,0,259,0,80,62595,834
53,case_053,high_spill_risk,12046,11670,331,45,12377,31833,17160,241,318,48.42323651452282,56912,1556802,73728,735,0,0,2905104,58074,5.541046142578125,0.4430694580078125,5.541046142578125,4016,11266672,7985,4473176,376,2995288,1212726,2728,0,331,0,45,344076,8942
54,case_054,high_spill_risk,16133,15751,351,31,16484,42855,23976,354,324,44.494350282485875,20291,1014888,8192,1134,0,0,1613248,41014,3.0770263671875,0.3129119873046875,3.0770263671875,3588,6709696,12514,6003978,382,1606276,574216,3090,0,351,0,31,440672,12661
55,case_055,wide_shallow,1468,1236,173,59,1641,3467,1288,28,200,44.142857142857146,6962,130845,13824,12,0,0,404480,253992,0.771484375,1.93780517578125,1.93780517578125,208,773632,1201,2105576,232,625810,61796,91,0,173,0,59,69049,1145
56,case_056,mixed,7936,7678,221,37,8157,20894,11483,300,162,25.593333333333334,13737,376969,4096,486,0,0,181088,95862,0.34539794921875,0.7313690185546875,0.7313690185546875,1550,1635488,6349,3803248,258,221600,131016,1372,0,221,0,37,245953,6306
57,case_057,high_spill_risk,1053,865,127,61,1180,2563,904,101,126,8.564356435643564,8189,61627,4608,48,0,0,50976,307248,0.09722900390625,2.3441162109375,2.3441162109375,134,153120,858,1437578,188,342460,14062,99,0,127,0,61,47565,766
58,case_058,high_spill_risk,17886,16575,1056,255,18942,52347,16320,7,8415,2367.8571428571427,746,4669050,8192,17,0,0,6762496,0,12.8984375,0.0,12.8984375,17631,74514432,0,0,1311,7667712,4358970,8415,0,1056,0,255,310080,8160
59,case_059,high_spill_risk,3168,2752,352,64,3520,9088,2688,22,1408,125.0909090909091,2120,839936,4096,8,0,0,1093632,0,2.0859375,0.0,2.0859375,3104,12353536,0,0,416,1343488,737792,1408,0,352,0,64,102144,1344
60,case_060,high_spill_risk,6086,5281,666,139,6752,16435,5384,41,1977,128.8048780487805,4252,993771,8192,12,0,0,1343232,831528,2.56201171875,6.34405517578125,6.34405517578125,4126,12256384,1821,6751620,805,2099006,720232,1835,0,666,0,139,273539,3446
61,case_061,wide_shallow,1450,1115,259,76,1709,3505,1122,45,232,24.77777777777778,11506,99028,8192,20,0,0,482688,79924,0.920654296875,0.609771728515625,0.920654296875,494,1203712,880,458030,335,544188,71456,202,0,259,0,76,27572,913
62,case_062,high_spill_risk,23999,19636,4362,1,28361,58906,19635,28,2181,701.2857142857143,3120,3011088,4608,8,0,0,13401600,3351552,25.5615234375,25.5703125,25.5703125,13090,26806272,10908,16754688,4363,13401600,2618400,8728,0,4362,0,1,392688,10908
63,case_063,high_spill_risk,8995,7360,1634,1,10629,22078,7359,26,817,283.0769230769231,3048,1128768,4608,8,0,0,5021184,1256448,9.5771484375,9.5859375,9.5859375,4906,10045440,4088,6279168,1635,5021184,981600,3272,0,1634,0,1,147168,4088
64,case_064,deep_narrow,972,906,62,4,1034,2550,1308,123,32,7.365853658536586,3528,23052,1024,48,0,0,36448,5158,0.06951904296875,0.0393524169921875,0.06951904296875,245,114144,723,174150,66,37414,7308,186,0,62,0,4,15744,720
65,case_065,wide_shallow,914,704,153,57,1067,2164,741,28,98,25.142857142857142,1265,57778,4608,9,0,0,200848,115782,0.383087158203125,0.8833465576171875,0.8833465576171875,181,499088,676,680490,210,316202,28260,67,0,153,0,57,29518,637
66,case_066,mixed,6181,5962,181,38,6362,16324,8887,154,192,38.714285714285715,32240,440377,36864,243,0,0,1040256,71780,1.984130859375,0.547637939453125,1.984130859375,1350,2489472,4793,2928282,219,1107034,269694,1175,0,181,0,38,170683,4787
67,case_067,high_spill_risk,8996,8804,121,71,9117,23246,10437,124,71,71.0,863040,61275840,294912,71,0,0,4917632,0,9.379638671875,0.0,9.379638671875,8925,61157760,0,0,192,6048128,58915232,3550,0,121,0,71,2360608,5254
68,case_068,high_spill_risk,5853,5351,407,95,6260,15148,7491,264,220,20.268939393939394,48319,403797,36864,288,0,0,2587848,243770,4.9359283447265625,1.8598175048828125,4.9359283447265625,1293,3641416,4465,3523846,502,2771250,249101,1010,0,407,0,95,154696,4341
69,case_069,wide_shallow,1074,1032,36,6,1110,2844,1548,46,144,22.434782608695652,2298,31962,9216,72,0,0,113856,23092,0.2171630859375,0.176177978515625,0.2171630859375,243,351904,825,498822,42,126054,16674,210,0,36,0,6,15288,822
70,case_070,wide_shallow,1437,1191,193,53,1630,3424,1237,35,213,34.02857142857143,4054,139046,24576,14,0,0,407552,59410,0.77734375,0.4532623291015625,0.77734375,399,980224,985,1128010,246,419964,91832,162,0,193,0,53,47214,1029
71,case_071,wide_shallow,781,741,35,5,816,2063,1100,46,100,16.108695652173914,2298,23488,9216,50,0,0,111552,19298,0.2127685546875,0.1472320556640625,0.2127685546875,188,285088,588,362886,40,121446,12534,156,0,35,0,5,10954,585
72,case_072,high_spill_risk,31387,29666,1237,484,32624,88639,32401,251,11082,118.19123505976096,31968,24636293,165888,405,0,0,11099144,23618,21.169937133789062,0.1801910400390625,21.169937133789062,24316,189414824,6587,2020648,1721,11103184,22928094,12300,0,1237,0,484,1708199,17366
73,case_073,high_spill_risk,4964,4836,89,39,5053,12814,5733,124,39,39.0,220224,8588736,294912,39,0,0,3889536,0,7.418701171875,0.0,7.418701171875,4925,11608960,0,0,128,4041088,8160672,1950,0,89,0,39,428064,2886
74,case_074,high_spill_risk,4269,3609,564,96,4833,11541,3597,39,1474,92.53846153846153,3091,1777844,8192,21,0,0,3440640,385076,6.5625,2.937896728515625,6.5625,3261,15732736,912,3049134,660,3776728,1579424,1400,0,564,0,96,198420,2209
75,case_075,high_spill_risk,7684,7410,269,5,7953,20378,11135,460,105,16.108695652173914,182300,1752180,16384,500,0,0,1819904,51782,3.47119140625,0.3950653076171875,3.47119140625,1826,4830336,5853,6225286,274,1837190,1107520,1560,0,269,0,5,644660,5850
76,case_076,high_spill_risk,35076,32528,1739,809,36815,99916,31730,13,15270,2502.153846153846,2774,7008892,16384,34,0,0,4834304,29556,9.220703125,0.225494384765625,9.220703125,31486,95491072,2781,239366,2548,4270674,6061644,15281,0,1739,0,809,947248,17247
77,case_077,high_spill_risk,4872,4486,336,50,5208,12652,6316,135,213,33.22962962962963,15619,552078,20736,144,0,0,2067664,100140,3.943756103515625,0.764007568359375,3.943756103515625,1386,5176224,3436,2851208,386,2141360,415406,920,0,336,0,50,136672,3566
78,case_078,high_spill_risk,1094,1024,62,8,1156,2812,1208,124,16,8.258064516129032,246816,2141184,165888,8,0,0,2283648,0,4.355712890625,0.0,4.355712890625,1086,7186560,0,0,70,2345088,2037888,432,0,62,0,8,103296,592
79,case_079,high_spill_risk,20130,18720,1122,288,21252,58980,18432,8,9504,2340.0,5952,33184512,12288,18,0,0,6230016,0,11.8828125,0.0,11.8828125,19842,235843584,0,0,1410,9351168,29424384,9504,0,1122,0,288,3760128,9216
80,case_080,high_spill_risk,1395,1098,279,18,1674,3888,1080,7,558,156.85714285714286,746,309564,8192,6,0,0,2035712,0,3.8828125,0.0,3.8828125,1377,6402048,0,0,297,1978368,289044,558,0,279,0,18,20520,540
81,case_081,high_spill_risk,4505,3485,680,340,5185,11220,3740,12,680,290.4166666666667,407,151725,2048,5,0,0,0,1053016,0.0,8.03387451171875,8.03387451171875,0,0,4165,4529990,1020,1741140,,,0,680,0,340,151725,3485
82,case_082,mixed,4209,4113,89,7,4298,11187,6258,138,196,29.804347826086957,54690,927702,16384,294,0,0,566528,76358,1.08056640625,0.5825653076171875,1.08056640625,902,2200704,3300,3389382,96,592006,567936,816,0,89,0,7,359766,3297
83,case_083,high_spill_risk,3956,3844,81,31,4037,10206,4557,124,31,31.0,28456,882136,73728,31,0,0,1200736,0,2.29022216796875,0.0,2.29022216796875,3925,13469280,0,0,112,1438304,810836,1550,0,81,0,31,71300,2294
84,case_084,high_spill_risk,14001,8616,4308,1077,18309,33387,9693,8,1077,1077.0,2328,2507256,4608,2,0,0,9930240,11464,18.9404296875,0.08746337890625,18.9404296875,5385,18196992,7539,20060202,5385,13236330,1266552,2154,0,4308,0,1077,1240704,6462
85,case_085,high_spill_risk,19993,19737,247,9,20240,53243,30348,450,324,43.86,165564,4289922,16384,1458,0,0,1656064,100934,3.15869140625,0.7700653076171875,3.15869140625,4024,9342080,15960,15968454,256,1689734,2565216,3780,0,247,0,9,1724706,15957
86,case_086,mixed,5372,5274,90,8,5462,14290,8064,138,256,38.21739130434783,6894,157242,9216,384,0,0,321216,49206,0.6126708984375,0.3754119873046875,0.6126708984375,1113,1505568,4251,2488326,98,338022,79182,1026,0,90,0,8,78060,4248
87,case_087,high_spill_risk,28666,27556,903,207,29569,77339,38493,382,3066,72.13612565445027,82063,4476064,36864,960,0,0,5918816,61132,11.28924560546875,0.466400146484375,11.28924560546875,10957,37675856,17502,10830222,1110,5919098,3593280,7288,0,903,0,207,882784,20268
88,case_088,high_spill_risk,3577,3309,234,34,3811,9270,4731,176,100,18.801136363636363,32229,273352,36864,192,0,0,1782592,84202,3.4000244140625,0.6424102783203125,3.4000244140625,894,2498880,2649,2397892,268,1829798,173608,690,0,234,0,34,99744,2619
89,case_089,mixed,5254,5120,94,40,5348,13628,6040,124,80,41.29032258064516,16272,698880,18432,40,0,0,414848,0,0.791259765625,0.0,0.791259765625,5214,8635520,0,0,134,566400,589120,2160,0,94,0,40,109760,2960
90,case_090,high_spill_risk,1744,1664,67,13,1811,4502,1963,124,26,13.419354838709678,63936,899808,165888,13,0,0,2197632,0,4.191650390625,0.0,4.191650390625,1731,4195200,0,0,80,2228352,840528,702,0,67,0,13,59280,962
91,case_091,high_spill_risk,33497,31554,1430,513,34927,96492,31173,124,14803,254.46774193548387,56912,9913070,73728,30,0,0,6560256,4102,12.5126953125,0.0312957763671875,12.5126953125,31140,97896960,1844,248092,1943,6577656,8981360,15060,0,1430,0,513,931710,16494
92,case_092,high_spill_risk,17942,17608,192,142,18134,46392,20874,124,142,142.0,28456,4040752,73728,142,0,0,2110048,0,4.02459716796875,0.0,4.02459716796875,17800,58366560,0,0,334,3256928,3714152,7100,0,192,0,142,326600,10508
93,case_093,wide_shallow,901,552,280,69,1181,2285,483,4,276,138.0,400,86112,2048,69,0,0,575488,0,1.09765625,0.0,1.09765625,832,1703936,0,0,349,714752,73968,276,0,280,0,69,12144,276
94,case_094,wide_shallow,791,647,104,40,895,1925,680,36,108,17.97222222222222,2484,107560,18432,12,0,0,436512,77828,0.83258056640625,0.593780517578125,0.83258056640625,266,1086240,485,1442528,144,526692,70944,116,0,104,0,40,36616,531
95,case_095,high_spill_risk,6006,3696,1848,462,7854,14322,4158,8,462,462.0,4512,2084544,18432,2,0,0,8534016,37978,16.27734375,0.2897491455078125,16.27734375,2310,19869696,3234,34240668,2310,11355036,1069992,924,0,1848,0,462,1014552,2772
96,case_096,mixed,1362,1198,114,50,1476,3200,1276,119,93,10.067226890756302,9417,93274,18432,55,0,0,194368,34864,0.3707275390625,0.2659912109375,0.3707275390625,266,425280,1046,1986312,164,219558,40144,170,0,114,0,50,53130,1028
97,case_097,high_spill_risk,7488,6592,832,64,8320,21568,6528,52,3328,126.76923076923077,23904,11635200,12288,8,0,0,4296704,0,8.1953125,0.0,8.1953125,7424,85262336,0,0,896,5046272,10303488,3328,0,832,0,64,1331712,3264
98,case_098,mixed,1553,1365,147,41,1700,3615,1514,51,98,26.764705882352942,6783,179997,16384,13,0,0,521728,213048,0.9951171875,1.62542724609375,1.62542724609375,104,627712,1408,6963306,188,697994,17296,28,0,147,0,41,162701,1337
99,case_099,high_spill_risk,7054,6296,556,202,7610,19599,6106,29,2810,217.10344827586206,2826,1740204,24576,20,0,0,2534400,17408,4.833984375,0.1328125,4.833984375,6007,14529024,845,187728,758,2534036,1595484,2859,0,556,0,202,144720,3437
100,case_100,wide_shallow,1654,1394,171,89,1825,4014,1505,52,187,26.807692307692307,4830,164563,18432,22,0,0,376576,98388,0.71826171875,0.750640869140625,0.750640869140625,186,637184,1379,3696974,260,454598,62556,109,0,171,0,89,102007,1285
