case,graph_class,rule,baseline_makespan,problem1_makespan,speedup,baseline_added_copy_bytes,problem1_added_copy_bytes,problem1_spill_added_copy_bytes,num_blocks,error
case_001,wide_shallow,continuous,233110,58984,3.952088702020887,0,3456,0,4,
case_002,high_spill_risk,components,261945,261945,1.0,0,0,0,1,
case_003,high_spill_risk,components,602212,539155,1.1169552355074144,0,786432,0,10,
case_004,wide_shallow,continuous,392357,398078,0.9856284446766714,0,408576,0,4,
case_005,mixed,components,95618,95618,1.0,0,0,0,1,
case_006,wide_shallow,continuous,82837,86257,0.9603510439732428,16400,332848,0,4,
case_007,wide_shallow,continuous,1012562,1016724,0.9959064603569897,0,121344,0,4,
case_008,high_spill_risk,components,487605,157796,3.090097340870491,0,0,0,108,
case_009,mixed,components,153261,92216,1.6619783985425522,0,172032,0,25,
case_010,mixed,components,86969,29586,2.939532211180964,0,362880,0,36,
case_011,wide_shallow,continuous,184697,46880,3.9397824232081913,0,1081344,0,4,
case_012,wide_shallow,continuous,59088,63147,0.9357214119435603,0,167788,0,4,
case_013,high_spill_risk,components,263949,108774,2.4265817198962987,0,2007040,0,246,
case_014,high_spill_risk,components,17698626,4700895,3.764948164126193,71010720,165905592,0,1340,
case_015,high_spill_risk,components,177362,60161,2.9481225378567513,180256,901632,0,46,
case_016,deep_narrow,single,7715523,7715523,1.0,0,0,0,1,
case_017,wide_shallow,continuous,162810,159493,1.020797150972143,22528,308338,0,4,
case_018,high_spill_risk,components,1004367,280204,3.5844134987366347,1970176,10104576,0,126,
case_019,mixed,components,81144,24031,3.3766385085930675,0,256128,0,31,
case_020,high_spill_risk,components,532746,179996,2.959765772572724,0,0,0,288,
case_021,high_spill_risk,components,6567937,1596380,4.114269158972174,4501504,18124800,0,80,
case_022,wide_shallow,continuous,56780,60324,0.941250580200252,0,198080,0,4,
case_023,wide_shallow,continuous,122614,125397,0.977806486598563,0,158340,0,4,
case_024,deep_narrow,single,2555343,2555343,1.0,0,0,0,1,
case_025,high_spill_risk,components,4863026,1875064,2.5935253410016936,0,73681920,0,2666,
case_026,mixed,components,99203,41243,2.4053293892296876,0,217872,0,31,
case_027,high_spill_risk,components,2363952,565244,4.182179731231114,1400832,5529600,0,16,
case_028,high_spill_risk,components,43836040,12041229,3.640495500916061,277412256,326568960,0,153,
case_029,high_spill_risk,components,37555,13395,2.803658081373647,0,0,0,21,
case_030,high_spill_risk,components,2808034,766319,3.6643147305495494,5519360,26935296,0,486,
case_031,high_spill_risk,components,1414369,417134,3.390682610384193,3491328,13281792,0,107,
case_032,wide_shallow,continuous,41443,44635,0.9284866136440013,0,111746,0,4,
case_033,high_spill_risk,components,1774196,479281,3.7017866345630224,4592640,12826272,0,95,
case_034,high_spill_risk,components,842996,279250,3.0187860340196955,1079832,6690304,0,155,
case_035,mixed,components,169571,95442,1.7766916032773832,0,9216,0,16,
case_036,high_spill_risk,components,931510,409500,2.2747496947496946,0,920448,0,800,
case_037,wide_shallow,continuous,210001,53320,3.938503375843961,0,1105920,0,4,
case_038,high_spill_risk,components,1364555,362801,3.76116658994876,5627904,15659520,0,130,
case_039,high_spill_risk,components,1435262,569788,2.518940377824735,7929856,28483584,0,70,
case_040,mixed,components,253454,110202,2.2999038129979494,0,316416,0,28,
case_041,high_spill_risk,components,6003957,1557742,3.85426919220256,30898176,64760832,0,494,
case_042,high_spill_risk,components,1686740,474514,3.554668566154002,6629376,17044896,0,104,
case_043,high_spill_risk,components,677656,268813,2.520919747184846,49160,2257920,0,38,
case_044,deep_narrow,single,154407,154407,1.0,4438112,4438112,4438112,1,
case_045,high_spill_risk,components,125614,39076,3.2146074316716144,0,0,0,68,
case_046,deep_narrow,single,276455,276455,1.0,3176288,3176288,3176288,1,
case_047,mixed,components,326508,326508,1.0,0,0,0,1,
case_048,deep_narrow,single,222220,222220,1.0,0,0,0,1,
case_049,mixed,components,196276,160242,1.2248723805244568,0,0,0,11,
case_050,mixed,components,149690,108147,1.384134557592906,0,38016,0,23,
case_051,deep_narrow,single,607628,607628,1.0,0,0,0,1,
case_052,wide_shallow,continuous,180301,186757,0.9654310146339896,0,234536,0,4,
case_053,high_spill_risk,components,1472686,492232,2.991853434965626,5405536,11271680,0,39,
case_054,high_spill_risk,components,815051,518015,1.5734119668349371,0,1130496,0,24,
case_055,wide_shallow,continuous,118835,125110,0.9498441371592998,69632,246920,0,4,
case_056,mixed,components,277285,265746,1.0434211615602869,0,0,0,19,
case_057,high_spill_risk,components,59726,22782,2.621631112281626,94216,70272,0,21,
case_058,high_spill_risk,components,4539717,1792969,2.5319550979409016,28696576,96780288,0,255,
case_059,high_spill_risk,components,829473,198236,4.184270263726064,1691648,7569408,0,64,
case_060,high_spill_risk,components,888789,251788,3.5299100830857704,2068520,8109056,8192,89,
case_061,wide_shallow,continuous,77191,90473,0.8531937705171708,0,151738,0,4,
case_062,high_spill_risk,components,2854809,2854809,1.0,0,0,0,1,
case_063,high_spill_risk,components,1070397,1070397,1.0,0,0,0,1,
case_064,deep_narrow,single,19116,19116,1.0,0,0,0,1,
case_065,wide_shallow,continuous,53068,55333,0.9590660184699907,0,130626,0,4,
case_066,mixed,components,359070,249102,1.4414577161162898,0,91200,0,28,
case_067,high_spill_risk,components,63834834,18518776,3.44703310845166,264449408,260512000,0,71,
case_068,high_spill_risk,components,362095,303225,1.19414626102729,0,5184,0,32,
case_069,wide_shallow,continuous,25144,28171,0.892549075290192,0,184328,0,4,
case_070,wide_shallow,continuous,117300,123080,0.9530386740331491,0,219948,0,4,
case_071,wide_shallow,continuous,18919,22093,0.8563345856153532,0,150824,0,4,
case_072,high_spill_risk,components,23897828,5974885,3.9997134672884918,108613680,175833776,0,476,
case_073,high_spill_risk,components,10081626,3936556,2.561026948429033,141570432,141420800,0,39,
case_074,high_spill_risk,components,1682239,444954,3.7807031738112253,6070280,14401536,0,73,
case_075,high_spill_risk,components,1441809,1441809,1.0,0,0,0,1,
case_076,high_spill_risk,components,6185113,1615926,3.827596684501642,28280832,74277888,0,809,
case_077,high_spill_risk,components,495320,146354,3.384396736679558,0,1146880,0,41,
case_078,high_spill_risk,components,2296143,619540,3.706206217516222,12644568,15039360,0,8,
case_079,high_spill_risk,components,31052251,7501148,4.1396664883828445,32448512,91508736,0,288,
case_080,high_spill_risk,components,292138,123120,2.3727907732293696,548864,4952064,0,18,
case_081,high_spill_risk,components,151795,50323,3.0164139657810543,0,0,0,85,
case_082,mixed,components,721041,721041,1.0,0,0,0,1,
case_083,high_spill_risk,components,1057993,547412,1.9327179528399085,13934688,27912000,0,31,
case_084,high_spill_risk,components,2507412,823472,3.0449268463287154,0,0,0,1077,
case_085,high_spill_risk,components,3187899,3187899,1.0,0,0,0,1,
case_086,mixed,components,118403,118403,1.0,0,0,0,1,
case_087,high_spill_risk,components,3974071,1083578,3.6675449298527654,7902720,25367040,0,196,
case_088,high_spill_risk,components,243623,204296,1.1925000978971687,0,221184,0,31,
case_089,mixed,components,693092,223700,3.098310236924452,0,9310080,0,40,
case_090,high_spill_risk,components,1178363,565296,2.084506170218788,21233592,25781760,0,13,
case_091,high_spill_risk,components,9186769,2353241,3.9038793731708736,53947008,111883264,0,513,
case_092,high_spill_risk,components,4815554,2501964,1.9247095481789507,66000096,131186400,0,142,
case_093,wide_shallow,continuous,74205,77696,0.9550684719934102,0,61440,0,4,
case_094,wide_shallow,continuous,94892,97675,0.9715075505502944,0,176708,0,4,
case_095,high_spill_risk,components,2084853,677650,3.0765926363166827,0,0,0,462,
case_096,mixed,components,84194,28095,2.996760989499911,0,661824,0,50,
case_097,high_spill_risk,components,11491509,2608028,4.40620614502605,10584064,29818880,0,64,
case_098,mixed,components,177430,89689,1.97828050262574,0,0,0,27,
case_099,high_spill_risk,components,1622999,438586,3.7005262365875793,5484544,21626880,0,202,
case_100,wide_shallow,continuous,151223,154724,0.9773726118766319,0,428080,0,4,
